Study_ID,Scientific_name,Common_name,N_offspring_sampled,EPY_percent,N_broods_sampled,EPP_percent,Lat,Long,nest_box,marker_type,nest_type,year_of_study_START,year_of_study_END,study_duration,breeding_start,breeding_end,Scientific_name_amended,Jetz_name,Clements_name,BIRDBASE_clements_names,breeding_system,parental_care,mono_poly_model,cooperative_breeding,body_mass,CS_max,nest_type_model,marker_type_model,nest_box_model,study_duration_num,coloniality,migration,MonoBIRDBASE,PolyBIRDBASE,n_mixed_broods,n_non_mixed_broods,n_EPY_offspring,n_WPY_offspring
128Green2002,Acanthiza_pusilla,brown_thornbill,178,6.2,67,11.9,-35.27,149.1,no,DNA_fingerprinting,DM,1995,1997,3,July,December,Acanthiza_pusilla,Acanthiza_pusilla,Acanthiza_pusilla,Acanthiza_pusilla,monogamy,biparental,NA,no,7.733333333,4,ground,DNA_fingerprinting,no,3,0,Weak,NA,NA,8,59,11,167
389Rosenfield2015,Accipiter_cooperii,Cooper’s_hawk,140,19.3,44,34.1,44.97,-90.05,no,microsatellite,PL,2003,2007,5,February,April,Accipiter_cooperii,Accipiter_cooperii,Astur_cooperii,Astur_cooperii,monogamy,biparental,NA,NA,429.6666667,6,open,microsatellite,no,5,0,Strong,NA,NA,15,29,27,113
52Leisler2000,Acrocephalus_arundinaceus,great_reed_warbler,194,9.8,48,10.4,49.67,10.85,no,DNA_fingerprinting,CP,1992,1997,6,May,July,Acrocephalus_arundinaceus,Acrocephalus_arundinaceus,Acrocephalus_arundinaceus,Acrocephalus_arundinaceus,monogamy,biparental,mixed,NA,33.75,6,open,DNA_fingerprinting,no,6,0,Strong,Mono,Poly,5,43,19,175
123Hasselquist1996,Acrocephalus_arundinaceus,great_reed_warbler,678,3.4,NA,NA,59.17,15.42,no,DNA_fingerprinting,CP,1987,1993,7,May,July,Acrocephalus_arundinaceus,Acrocephalus_arundinaceus,Acrocephalus_arundinaceus,Acrocephalus_arundinaceus,monogamy,biparental,mixed,NA,33.75,6,open,DNA_fingerprinting,no,7,0,Strong,Mono,Poly,NA,NA,23,655
36Arlt2004,Acrocephalus_arundinaceus,great_reed_warbler,543,3.13,132,6.06,59.1,15.25,no,microsatellite,CP,1994,1998,5,May,July,Acrocephalus_arundinaceus,Acrocephalus_arundinaceus,Acrocephalus_arundinaceus,Acrocephalus_arundinaceus,monogamy,biparental,mixed,NA,33.75,6,open,microsatellite,no,5,0,Strong,Mono,Poly,8,124,17,526
412Hamao2005,Acrocephalus_bistrigiceps,black-browed_reed-warbler,140,6.4,37,13.5,36.87,139.05,no,microsatellite,CP,1993,1997,5,May,July,Acrocephalus_bistrigiceps,Acrocephalus_bistrigiceps,Acrocephalus_bistrigiceps,Acrocephalus_bistrigiceps,monogamy,biparental,mixed,NA,9.65,6,open,microsatellite,no,5,0,Strong,Mono,Poly,5,32,9,131
51Leisler2000,Acrocephalus_palustris,marsh_warbler,131,3.1,33,9.1,50.37,10.75,no,DNA_fingerprinting,CP,1994,1996,3,NA,NA,Acrocephalus_palustris,Acrocephalus_palustris,Acrocephalus_palustris,Acrocephalus_palustris,monogamy,biparental,mixed,NA,13.4,6,open,DNA_fingerprinting,no,3,0,Strong,Mono,Poly,3,30,4,127
20Langefors1998,Acrocephalus_schoenobaenus,sedge_warbler,201,7.5,44,22.7,59.17,15.42,no,DNA_fingerprinting,CP,1990,1992,3,May,July,Acrocephalus_schoenobaenus,Acrocephalus_schoenobaenus,Acrocephalus_schoenobaenus,Acrocephalus_schoenobaenus,monogamy,biparental,mixed,NA,13,8,open,DNA_fingerprinting,no,3,0,Strong,Mono,Poly,10,34,15,186
380Marshall2007,Acrocephalus_schoenobaenus,sedge_warbler,403,8.4,85,18.8,51.45,-0.55,no,microsatellite,CP,1993,1998,6,May,July,Acrocephalus_schoenobaenus,Acrocephalus_schoenobaenus,Acrocephalus_schoenobaenus,Acrocephalus_schoenobaenus,monogamy,biparental,mixed,NA,13,8,open,microsatellite,no,6,0,Strong,Mono,Poly,16,69,34,369
334Davies2003,Acrocephalus_scirpaceus,Eurasian_reed-warbler,186,6.5,52,15.4,52.3,0.3,no,microsatellite,CP,2000,2001,2,May,July,Acrocephalus_scirpaceus,Acrocephalus_scirpaceus,Acrocephalus_scirpaceus,Acrocephalus_scirpaceus,monogamy,biparental,NA,no,12.88333333,5,open,microsatellite,no,2,1,Strong,NA,NA,8,44,12,174
25Mee2004,Actitis_hypoleucos,common_sandpiper,83,15.7,27,18.5,54.75,-3.02,no,DNA_fingerprinting,SC,1998,1999,2,April,June,Actitis_hypoleucos,Actitis_hypoleucos,Actitis_hypoleucos,Actitis_hypoleucos,monogamy,biparental,mixed,NA,63,5,ground,DNA_fingerprinting,no,2,0,Strong,Mono,Poly,5,22,13,70
114Blomqvist2002,Actitis_hypoleucos,common_sandpiper,53,7.5,15,20,57.78,12.32,no,DNA_fingerprinting,SC,1998,2000,3,May,June,Actitis_hypoleucos,Actitis_hypoleucos,Actitis_hypoleucos,Actitis_hypoleucos,monogamy,biparental,mixed,NA,63,5,ground,DNA_fingerprinting,no,3,0,Strong,Mono,Poly,3,12,4,49
301Koopman2007,Aegolius_funereus,boreal_owl,109,0,32,0,NA,39.9,no,microsatellite,CV,1995,2001,7,NA,NA,Aegolius_funereus,Aegolius_funereus,Aegolius_funereus,Aegolius_funereus,monogamy,biparental,mixed,NA,137.75,6,cavity,microsatellite,no,7,0,Weak,Mono,Poly,0,32,0,109
191Liu2015,Agelaius_phoeniceus,red-winged_blackbird,125,25.6,40,50,42.4,-85.4,no,microsatellite,CP,2004,2005,2,March,June,Agelaius_phoeniceus,Agelaius_phoeniceus,Agelaius_phoeniceus,Agelaius_phoeniceus,monogamy,biparental,polygamy,no,56.4,4,open,microsatellite,no,2,0,Strong,NA,Poly,20,20,32,93
191Liu2015,Agelaius_phoeniceus,red-winged_blackbird,87,26.4,27,48.1,41.55,-80.18,no,microsatellite,CP,2009,2009,1,NA,NA,Agelaius_phoeniceus,Agelaius_phoeniceus,Agelaius_phoeniceus,Agelaius_phoeniceus,monogamy,biparental,polygamy,no,56.4,4,open,microsatellite,no,1,0,Strong,NA,Poly,13,14,23,64
191Liu2015,Agelaius_phoeniceus,red-winged_blackbird,56,28.6,20,50,26.53,-78.53,no,microsatellite,CP,2011,2011,1,NA,NA,Agelaius_phoeniceus,Agelaius_phoeniceus,Agelaius_phoeniceus,Agelaius_phoeniceus,monogamy,biparental,polygamy,no,56.4,4,open,microsatellite,no,1,0,Strong,NA,Poly,10,10,16,40
121Westneat1993,Agelaius_phoeniceus,red-winged_blackbird,235,24.7,68,41.2,42.5,-76.47,no,DNA_fingerprinting,CP,1988,1989,2,April,June,Agelaius_phoeniceus,Agelaius_phoeniceus,Agelaius_phoeniceus,Agelaius_phoeniceus,monogamy,biparental,polygamy,no,56.4,4,open,DNA_fingerprinting,no,2,0,Strong,NA,Poly,28,40,58,177
361 Weatherhead1995,Agelaius_phoeniceus,red-winged_blackbird,617,25.6,203,NA,44.52,-76.37,no,DNA_fingerprinting,CP,1986,1991,6,April,June,Agelaius_phoeniceus,Agelaius_phoeniceus,Agelaius_phoeniceus,Agelaius_phoeniceus,monogamy,biparental,polygamy,no,56.4,4,open,DNA_fingerprinting,no,6,0,Strong,NA,Poly,NA,NA,158,459
152Gray1996,Agelaius_phoeniceus,red-winged_blackbird,403,33.7,134,53.7,46.88,-119.25,no,DNA_fingerprinting,CP,1990,1992,3,March,June,Agelaius_phoeniceus,Agelaius_phoeniceus,Agelaius_phoeniceus,Agelaius_phoeniceus,monogamy,biparental,polygamy,no,56.4,4,open,DNA_fingerprinting,no,3,0,Strong,NA,Poly,72,62,136,267
191Liu2015,Agelaius_xanthomus,yellow-shouldered_blackbird,87,23,30,36.7,17.93,-67.1,yes,microsatellite,"PL,CV,CP",2012,2012,1,May,June,Agelaius_xanthomus,Agelaius_xanthomus,Agelaius_xanthomus,Agelaius_xanthomus,monogamy,biparental,monogamy,NA,38.44,4,cavity,microsatellite,yes,1,0,Weak,Mono,NA,11,19,20,67
237Hutchinson2007,Alauda_arvensis,skylark,171,20.5,52,26.9,51.17,-4.63,no,microsatellite,SC,1997,2000,4,April,July,Alauda_arvensis,Alauda_arvensis,Alauda_arvensis,Alauda_arvensis,monogamy,biparental,monogamy,no,36.71666667,7,ground,microsatellite,no,4,0,Weak,Mono,NA,14,38,35,136
233Lifjeld2005,Alle_alle,little_auk,26,0,26,0,77,15.37,no,microsatellite,"BU,CR",2002,2002,1,June,August,Alle_alle,Alle_alle,Alle_alle,Alle_alle,monogamy,biparental,monogamy,no,170,1,cavity,microsatellite,no,1,1,Strong,Mono,NA,0,26,0,26
266Wojczulanis-Jakubas2009,Alle_alle,little_auk,62,3.2,64,3.1,77,15.55,no,microsatellite,"BU,CR",2004,2006,3,June,July,Alle_alle,Alle_alle,Alle_alle,Alle_alle,monogamy,biparental,monogamy,no,170,1,cavity,microsatellite,no,3,1,Strong,Mono,NA,2,62,2,60
68Hill2005,Ammodramus_maritimus,seaside_sparrow,47,10.6,18,16.7,32.77,-79.98,no,microsatellite,CP,2000,2001,2,June,August,Ammodramus_maritimus,Ammodramus_maritimus,Ammospiza_maritima,Ammospiza_maritima,monogamy,biparental,monogamy,NA,24.225,5,open,microsatellite,no,2,0,Weak,Mono,NA,3,15,5,42
232Kreisinger2010,Anas_platyrhynchos,mallard,204,9.3,25,48,49.15,14.72,no,microsatellite,"CP,CV,O",2004,2004,1,April,July,Anas_platyrhynchos,Anas_platyrhynchos,Anas_platyrhynchos,Anas_platyrhynchos,monogamy,uniparental,mixed,NA,1170.833333,18,cavity,microsatellite,no,1,0,Weak,Mono,Poly,12,13,19,185
235Peters2003,Anas_strepera,gadwalls,261,4.2,29,27.6,48.62,-99.08,no,microsatellite,SC,1997,1997,1,May,August,Anas_strepera,Anas_strepera,Mareca_strepera,Mareca_strepera,monogamy,uniparental,monogamy,NA,857.5,15,ground,microsatellite,no,1,0,Weak,Mono,NA,8,21,11,250
189Reyer1997,Anthus_spinoletta,water_pipit,1052,5.2,258,12.4,46.78,9.85,no,DNA_fingerprinting,CP,1990,1992,3,June,July,Anthus_spinoletta,Anthus_spinoletta,Anthus_spinoletta,Anthus_spinoletta,monogamy,biparental,mixed,NA,21.35,6,open,DNA_fingerprinting,no,3,0,Strong,Mono,Poly,32,226,55,997
459Martins2002,Apus_apus,common_swift,88,4.5,42,9.5,51.75,-1.25,yes,DNA_fingerprinting,CP,1991,1992,2,May,June,Apus_apus,Apus_apus,Apus_apus,Apus_apus,monogamy,biparental,monogamy,NA,41.5,4,open,DNA_fingerprinting,yes,2,1,Strong,Mono,NA,4,38,4,84
210Rudnick2005,Aquila_heliaca,eastern_imperial_eagle,166,0,86,0,53.48,63.62,no,microsatellite,CP,1999,2002,4,April,August,Aquila_heliaca,Aquila_heliaca,Aquila_heliaca,Aquila_heliaca,monogamy,biparental,monogamy,NA,3215,4,open,microsatellite,no,4,0,Strong,Mono,NA,0,86,0,166
74Miño2011b,Egretta_alba,great_egret,50,0,25,0,NA,NA,no,microsatellite,PL,2006,2008,3,September,January,Casmerodius_albus,Casmerodius_albus,Ardea_alba,Ardea_alba,monogamy,biparental,monogamy,NA,1013.1,6,open,microsatellite,no,3,1,Weak,Mono,NA,0,25,0,50
230Marks1999,Asio_otus,long-eared_owl,59,0,12,0,46.88,-114.12,no,DNA_fingerprinting,"CV,O",1997,1998,2,March,July,Asio_otus,Asio_otus,Asio_otus,Asio_otus,monogamy,biparental,monogamy,NA,296.3333333,7,cavity,DNA_fingerprinting,no,2,0,Weak,Mono,NA,0,12,0,59
430Rodriguez-Martínez2014,Athene_cunicularia,burrowing_owl,121,1.7,68,1.5,-38.72,-62.27,no,microsatellite,BU,2006,2012,7,November,February,Athene_cunicularia,Athene_cunicularia,Athene_cunicularia,Athene_cunicularia,monogamy,biparental,mixed,NA,193.2833333,11,cavity,microsatellite,no,7,1,Weak,Mono,Poly,1,67,2,119
473Müller2001,Athene_noctua,little_owl,53,0,16,0,51.27,6.37,yes,DNA_fingerprinting,"SC,CV",1998,1999,2,March,June,Athene_noctua,Athene_noctua,Athene_noctua,Athene_noctua,monogamy,biparental,monogamy,NA,175,6,cavity,DNA_fingerprinting,yes,2,0,Weak,Mono,NA,0,16,0,53
162Pravosudova2002,Baeolophus_bicolor,tufted_titmouse,34,8.8,9,22.2,40,-82.88,yes,DNA_fingerprinting,CP,1995,1998,4,May,June,Baeolophus_bicolor,Baeolophus_bicolor,Baeolophus_bicolor,Baeolophus_bicolor,monogamy,cooperation,monogamy,NA,21.8,7,open,DNA_fingerprinting,yes,4,0,Weak,Mono,NA,2,7,3,31
10Casey2011,Bartramia_longicauda,upland_sandpiper,177,18.1,56,30,39.08,-96.58,no,microsatellite,NA,2003,2007,5,May,June,Bartramia_longicauda,Bartramia_longicauda,Bartramia_longicauda,Bartramia_longicauda,monogamy,biparental,monogamy,NA,160.8333333,5,NA,microsatellite,no,5,0,Strong,Mono,NA,17,39,32,145
374Lemons2015,Branta_bernicla,black_brant,374,5.6,NA,NA,61.25,-165.58,no,microsatellite,SC,1996,2005,10,June,July,Branta_bernicla,Branta_bernicla,Branta_bernicla,Branta_bernicla,monogamy,biparental,monogamy,NA,1335,10,ground,microsatellite,no,10,1,Strong,Mono,NA,NA,NA,21,353
209Moore2012,Branta_canadensis,Canada_geese,NA,NA,42,14.3,43,-84,no,microsatellite,SC,2000,2002,3,March,June,Branta_canadensis,Branta_canadensis,Branta_canadensis,Branta_canadensis,monogamy,biparental,mixed,NA,4906.6,8,ground,microsatellite,no,3,1,Strong,Mono,Poly,6,36,NA,NA
408Choudhury1993,Branta_leucopsis,barnacle_goose,16,0,9,0,78.92,11.9,no,DNA_fingerprinting,SC,1989,1989,1,June,July,Branta_leucopsis,Branta_leucopsis,Branta_leucopsis,Branta_leucopsis,monogamy,biparental,mixed,NA,1685,9,ground,DNA_fingerprinting,no,1,1,Strong,Mono,Poly,0,9,0,16
254Larsson1995,Branta_leucopsis,barnacle_goose,137,0,63,0,57.28,18.75,no,DNA_fingerprinting,SC,1989,1991,3,May,July,Branta_leucopsis,Branta_leucopsis,Branta_leucopsis,Branta_leucopsis,monogamy,biparental,mixed,NA,1685,9,ground,DNA_fingerprinting,no,3,1,Strong,Mono,Poly,0,63,0,137
278Woolaver2013,Buteo_ridgwayi,Ridgway’s_hawk,79,0,41,0,19,-70,no,microsatellite,PL,2005,2009,5,January,April,Buteo_ridgwayi,Buteo_ridgwayi,Buteo_ridgwayi,Buteo_ridgwayi,monogamy,biparental,monogamy,no,352.75,2,open,microsatellite,no,5,0,Weak,Mono,NA,0,41,0,79
109Briggs2012,Buteo_swainsoni,Swainson’s_hawk,56,5.4,27,7.4,41.82,-122,no,microsatellite,CP,2008,2010,3,May,August,Buteo_swainsoni,Buteo_swainsoni,Buteo_swainsoni,Buteo_swainsoni,monogamy,nk_cooperation,NA,NA,847.1666667,4,open,microsatellite,no,3,0,Strong,NA,NA,2,25,3,53
680Chaine2008,Calamospiza_melanocorys,lark_bunting,455,25.1,153,52.3,41.35,-104.08,no,microsatellite,CP,1996,1998,3,May,August,Calamospiza_melanocorys,Calamospiza_melanocorys,Calamospiza_melanocorys,Calamospiza_melanocorys,monogamy,nk_cooperation,mixed,NA,38.56666667,6,open,microsatellite,no,3,0,Strong,Mono,Poly,80,73,114,341
229Reneerkens2014,Calidris_alba,sanderling,342,2,48,6.2,74.5,-21,no,microsatellite,CP,2003,2011,9,May,July,Calidris_alba,Calidris_alba,Calidris_alba,Calidris_alba,monogamy,biparental,mixed,no,61,4,open,microsatellite,no,9,0,Strong,Mono,Poly,3,45,7,335
155Pierce1998,Calidris_maritima,purple_sandpiper,82,1.2,27,3.7,78.22,15.58,no,DNA_fingerprinting,SC,1994,1995,2,May,July,Calidris_maritima,Calidris_maritima,Calidris_maritima,Calidris_maritima,monogamy,biparental,monogamy,NA,76.66666667,4,ground,DNA_fingerprinting,no,2,0,Strong,Mono,NA,1,26,1,81
114Blomqvist2002,Calidris_mauri,western_sandpiper,61,6.6,25,8,64.33,-164.93,no,DNA_fingerprinting,SC,1996,1996,1,May,June,Calidris_mauri,Calidris_mauri,Calidris_mauri,Calidris_mauri,monogamy,biparental,monogamy,NA,28.23333333,5,ground,DNA_fingerprinting,no,1,0,Strong,Mono,NA,2,23,4,57
60Davis2017,Callipepla_squamata,scaled_quail,NA,NA,22,9.1,36,-100,no,microsatellite,NA,2013,2014,2,May,August,Callipepla_squamata,Callipepla_squamata,Callipepla_squamata,Callipepla_squamata,monogamy,biparental,NA,NA,195.5,16,NA,microsatellite,no,2,1,Weak,NA,NA,2,20,NA,NA
213Bried2010,Calonectris_diomedea,Cory’s_shearwater,69,11.6,44,18.2,36.92,-25.17,no,microsatellite,"BU,CR",2002,2003,2,March,October,Calonectris_diomedea,Calonectris_diomedea,Calonectris_diomedea,Calonectris_diomedea,monogamy,biparental,monogamy,NA,707,1,cavity,microsatellite,no,2,1,Strong,Mono,NA,8,36,8,61
106Rabouam2000,Calonectris_diomedea,Cory’s_shearwater,34,0,22,0,42,9,no,DNA_fingerprinting,"BU,CR",1994,1996,3,March,October,Calonectris_diomedea,Calonectris_diomedea,Calonectris_diomedea,Calonectris_diomedea,monogamy,biparental,monogamy,NA,707,1,cavity,DNA_fingerprinting,no,3,1,Strong,Mono,NA,0,22,0,34
207Swatschek1994,Calonectris_diomedea,Cory’s_shearwater,46,0,29,0,35,24,no,DNA_fingerprinting,"BU,CR",1989,1993,5,March,October,Calonectris_diomedea,Calonectris_diomedea,Calonectris_diomedea,Calonectris_diomedea,monogamy,biparental,monogamy,NA,707,1,cavity,DNA_fingerprinting,no,5,1,Strong,Mono,NA,0,29,0,46
174Ritchison1994,Cardinalis_cardinalis,Northern_cardinal,37,13.5,19,15.8,37.65,-84.12,no,DNA_fingerprinting,CP,1992,1992,1,April,August,Cardinalis_cardinalis,Cardinalis_cardinalis,Cardinalis_cardinalis,Cardinalis_cardinalis,monogamy,biparental,mixed,NA,44.63333333,5,open,DNA_fingerprinting,no,1,0,Weak,Mono,Poly,3,16,5,32
212Bonlokke-Pedersen2002,Carduelis_cannabina,Eurasian_linnet,106,3.8,22,9.1,56.5,10.83,no,microsatellite,CP,1998,1999,2,April,August,Carduelis_cannabina,Carduelis_cannabina,Linaria_cannabina,Linaria_cannabina,monogamy,biparental,mixed,NA,20.08333333,6,open,microsatellite,no,2,1,Weak,Mono,Poly,2,20,4,102
172Gissing1998,Carduelis_tristis,American_goldfinch,70,14.3,15,26.7,43.53,-80.23,no,DNA_fingerprinting,CP,1992,1992,1,June,NA,Carduelis_tristis,Carduelis_tristis,Spinus_tristis,Spinus_tristis,monogamy,biparental,mixed,no,12.95,7,open,DNA_fingerprinting,no,1,0,Weak,Mono,Poly,4,11,10,60
215Winternitz2015,Carpodacus_erythrinus,scarlet_rosefinch,496,16.1,116,26.7,48.82,13.93,no,microsatellite,CP,2000,2009,10,May,July,Carpodacus_erythrinus,Carpodacus_erythrinus,Carpodacus_erythrinus,Carpodacus_erythrinus,monogamy,biparental,mixed,no,25.85,6,open,microsatellite,no,10,1,Strong,Mono,Poly,31,85,80,416
159Lindstedt2007,Carpodacus_mexicanus,house_finch,212,9,59,15.3,46.85,-114.02,no,microsatellite,CP,1995,2004,10,March,August,Carpodacus_mexicanus,Carpodacus_mexicanus,Haemorhous_mexicanus,Haemorhous_mexicanus,monogamy,biparental,NA,NA,21.725,7,open,microsatellite,no,10,0,Weak,NA,NA,9,50,19,193
170Hill1994,Carpodacus_mexicanus,house_finch,119,8.4,35,14.3,42.27,-83.73,no,DNA_fingerprinting,CP,1991,1991,1,February,July,Carpodacus_mexicanus,Carpodacus_mexicanus,Haemorhous_mexicanus,Haemorhous_mexicanus,monogamy,biparental,NA,NA,21.725,7,open,DNA_fingerprinting,no,1,0,Weak,NA,NA,5,30,10,109
89Millar1994,Catharacta_lonnbergi,brown_skua,45,0,16,0,-43.8,-176.5,no,DNA_fingerprinting,SC,1987,1991,5,November,January,Catharacta_lonnbergi,Catharacta_lonnbergi,Stercorarius_antarcticus,Stercorarius_antarcticus,monogamy,nk_cooperation,NA,NA,1591.666667,2,ground,DNA_fingerprinting,no,5,1,Strong,NA,NA,0,16,0,45
65Millar1997,Catharacta_maccormicki,south_polar_skua,14,7.1,13,7.7,-77.52,167.77,no,DNA_fingerprinting,SC,1988,1989,2,December,February,Catharacta_maccormicki,Catharacta_maccormicki,Stercorarius_maccormicki,Stercorarius_maccormicki,monogamy,biparental,NA,NA,1315,2,ground,DNA_fingerprinting,no,2,1,Strong,NA,NA,1,12,1,13
173Maurer2011,Centropus_phasianinus,pheasant_coucal,59,18.6,21,47.6,-12.43,131,no,microsatellite,DM,2003,2006,4,November,March,Centropus_phasianinus,Centropus_phasianinus,Centropus_phasianinus,Centropus_phasianinus,monogamy,biparental,NA,no,331.5,5,ground,microsatellite,no,4,0,Weak,NA,NA,10,11,11,48
439Anker-Nilssen2010,Cepphus_grylle,black_guillemot,46,0,32,0,67.43,11.88,no,microsatellite,"CR,CV,SC",2000,2007,8,June,July,Cepphus_grylle,Cepphus_grylle,Cepphus_grylle,Cepphus_grylle,monogamy,biparental,monogamy,NA,421.8666667,2,cavity,microsatellite,no,8,1,Strong,Mono,NA,0,32,0,46
378Fleischer1997,Cercomacra_tyrannina,dusky_antbird,15,0,9,0,9.12,-79.7,no,DNA_fingerprinting,PN,1993,1994,2,April,September,Cercomacra_tyrannina,Cercomacra_tyrannina,Cercomacroides_tyrannina,Cercomacroides_tyrannina,monogamy,biparental,NA,NA,16.5,2,other_enclosed,DNA_fingerprinting,no,2,0,Weak,NA,NA,0,9,0,15
247Maher2017,Charadrius_alexandrinus,kentish_plover,46,0,19,0,38.4,-26.96,no,microsatellite,SC,2009,2012,4,NA,NA,Charadrius_alexandrinus,Charadrius_alexandrinus,Anarhynchus_alexandrinus,Anarhynchus_alexandrinus,monogamy,biparental,mixed,no,47.725,3,ground,microsatellite,no,4,0,Weak,Mono,Poly,0,19,0,46
247Maher2017,Charadrius_alexandrinus,kentish_plover,120,0.8,63,1.6,15.9,-23.98,no,microsatellite,SC,2007,2013,7,October,November,Charadrius_alexandrinus,Charadrius_alexandrinus,Anarhynchus_alexandrinus,Anarhynchus_alexandrinus,monogamy,biparental,mixed,no,47.725,3,ground,microsatellite,no,7,0,Weak,Mono,Poly,1,62,1,119
247Maher2017,Charadrius_alexandrinus,kentish_plover,184,1.6,73,4.1,36.72,35.05,no,microsatellite,SC,1998,1999,2,May,June,Charadrius_alexandrinus,Charadrius_alexandrinus,Anarhynchus_alexandrinus,Anarhynchus_alexandrinus,monogamy,biparental,mixed,no,47.725,3,ground,microsatellite,no,2,0,Weak,Mono,Poly,3,70,3,181
247Maher2017,Charadrius_alexandrinus,kentish_plover,19,0,12,0,16.8,41.88,no,microsatellite,SC,2011,2011,1,April,July,Charadrius_alexandrinus,Charadrius_alexandrinus,Anarhynchus_alexandrinus,Anarhynchus_alexandrinus,monogamy,biparental,mixed,no,47.725,3,ground,microsatellite,no,1,0,Weak,Mono,Poly,0,12,0,19
247Maher2017,Charadrius_alexandrinus,kentish_plover,57,0,28,0,24.27,54.6,no,microsatellite,SC,2005,2006,2,March,July,Charadrius_alexandrinus,Charadrius_alexandrinus,Anarhynchus_alexandrinus,Anarhynchus_alexandrinus,monogamy,biparental,mixed,no,47.725,3,ground,microsatellite,no,2,0,Weak,Mono,Poly,0,28,0,57
247Maher2017,Charadrius_falklandicus,two-banded_plover,15,0,6,0,-52.43,-59.08,no,microsatellite,NA,2005,2008,4,September,February,Charadrius_falklandicus,Charadrius_falklandicus,Anarhynchus_falklandicus,Anarhynchus_falklandicus,monogamy,NA,NA,NA,67,4,NA,microsatellite,no,4,0,Strong,NA,NA,0,6,0,15
238Wallander2001,Charadrius_hiaticula,ringed_plover,50,0,18,0,57.13,12.21,no,DNA_fingerprinting,SC,1995,1997,3,April,July,Charadrius_hiaticula,Charadrius_hiaticula,Charadrius_hiaticula,Charadrius_hiaticula,monogamy,biparental,monogamy,NA,63.25,4,ground,DNA_fingerprinting,no,3,0,Weak,Mono,NA,0,18,0,50
247Maher2017,Charadrius_marginatus,white-fronted_plover,17,0,10,0,-24.05,43.73,no,microsatellite,SC,2006,2013,8,August,December,Charadrius_marginatus,Charadrius_marginatus,Anarhynchus_marginatus,Anarhynchus_marginatus,monogamy,biparental,monogamy,NA,43.55,4,ground,microsatellite,no,8,0,Weak,Mono,NA,0,10,0,17
247Maher2017,Charadrius_modestus,rufous-chested_dotterel,14,0,8,0,-52.43,-59.08,no,microsatellite,CP,2005,2008,4,September,December,Charadrius_modestus,Charadrius_modestus,Zonibyx_modestus,Zonibyx_modestus,monogamy,biparental,monogamy,NA,82.76666667,3,open,microsatellite,no,4,0,Strong,Mono,NA,0,8,0,14
247Maher2017,Charadrius_nivosus,snowy_plover,201,0,93,0,20,-100,no,microsatellite,SC,2006,2010,5,March,June,Charadrius_alexandrinus,Charadrius_alexandrinus,Anarhynchus_alexandrinus,Anarhynchus_alexandrinus,monogamy,biparental,mixed,no,47.725,3,ground,microsatellite,no,5,0,Weak,Mono,Poly,0,93,0,201
247Maher2017,Charadrius_pecuarius,Kittlitz’s_plover,18,0,15,0,-22.03,43.65,no,microsatellite,SC,2006,2013,8,July,November,Charadrius_pecuarius,Charadrius_pecuarius,Anarhynchus_pecuarius,Anarhynchus_pecuarius,monogamy,biparental,monogamy,NA,36.91666667,3,ground,microsatellite,no,8,1,Weak,Mono,NA,0,15,0,18
247Maher2017,Charadrius_ruficapillus,red-capped_plover,7,0,4,0,-37.88,144.78,no,microsatellite,SC,2010,2014,5,August,January,Charadrius_ruficapillus,Charadrius_ruficapillus,Anarhynchus_ruficapillus,Anarhynchus_ruficapillus,monogamy,biparental,NA,NA,38.73333333,2,ground,microsatellite,no,5,1,Weak,NA,NA,0,4,0,7
479Zharikov2000,Charadrius_semipalmatus,semipalmated_plover,85,4.7,24,4.2,58.75,-95.07,no,DNA_fingerprinting,SC,1996,1997,2,June,July,Charadrius_semipalmatus,Charadrius_semipalmatus,Charadrius_semipalmatus,Charadrius_semipalmatus,monogamy,biparental,monogamy,no,50.41666667,5,ground,DNA_fingerprinting,no,2,0,Strong,Mono,NA,1,23,4,81
247Maher2017,Charadrius_thoracicus,madagascar_plover,20,0,12,0,-20,46,no,microsatellite,NA,2009,2013,5,August,December,Charadrius_thoracicus,Charadrius_thoracicus,Anarhynchus_thoracicus,Anarhynchus_thoracicus,monogamy,NA,NA,NA,30.96,2,NA,microsatellite,no,5,0,Weak,NA,NA,0,12,0,20
367Dunn1999,Chen_caerulescens,lesser_snow_goose,80,5,23,13,67.23,-100.27,no,DNA_fingerprinting,SC,1995,1995,1,June,July,Chen_caerulescens,Chen_caerulescens,Anser_caerulescens,Anser_caerulescens,monogamy,biparental,monogamy,NA,2561,6,ground,DNA_fingerprinting,no,1,1,Strong,Mono,NA,3,20,4,76
367Dunn1999,Chen_rossii,Ross’s_goose,83,2.4,24,8.3,67.23,-100.27,no,DNA_fingerprinting,M,1995,1995,1,June,July,Chen_rossii,Chen_rossii,Anser_rossii,Anser_rossii,monogamy,biparental,mixed,NA,1513.5,8,ground,DNA_fingerprinting,no,1,1,Strong,Mono,Poly,2,22,2,81
366Minias2014,Chlidonias_hybrida,whiskered_tern,37,8.1,17,11.8,51.73,18.63,no,microsatellite,"O,PL",2012,2012,1,May,August,Chlidonias_hybrida,Chlidonias_hybrida,Chlidonias_hybrida,Chlidonias_hybrida,monogamy,biparental,monogamy,NA,84.5,3,open,microsatellite,no,1,1,Strong,Mono,NA,2,15,3,34
482Shealer2014,Chlidonias_niger,North_American_black_tern,28,0,11,0,43.45,-88.92,no,microsatellite,PL,2003,2008,6,May,July,Chlidonias_niger,Chlidonias_niger,Chlidonias_niger,Chlidonias_niger,monogamy,biparental,monogamy,NA,73.15,3,open,microsatellite,no,6,1,Strong,Mono,NA,0,11,0,28
410Turjeman2016,Ciconia_ciconia,white_stork,NA,NA,145,26.9,44,5,no,microsatellite,PL,2012,2012,1,NA,NA,Ciconia_ciconia,Ciconia_ciconia,Ciconia_ciconia,Ciconia_ciconia,monogamy,biparental,polygamy,NA,3310,7,open,microsatellite,no,1,1,Strong,NA,Poly,39,106,NA,NA
449Øigarden2010,Cinclus_cinclus,white-throated_dipper,185,1.6,40,5,60.38,10.52,yes,microsatellite,"SP,CR",1998,1998,1,April,June,Cinclus_cinclus,Cinclus_cinclus,Cinclus_cinclus,Cinclus_cinclus,monogamy,biparental,mixed,NA,59.66666667,6,cavity,microsatellite,yes,1,0,Weak,Mono,Poly,2,38,3,182
392 Rutkowski2015,Circus_pygargus,Montagu’s_harrier,32,3.1,10,10,52,22,no,other,PL,2007,2011,5,May,August,Circus_pygargus,Circus_pygargus,Circus_pygargus,Circus_pygargus,monogamy,biparental,mixed,NA,307.75,6,open,mixed_other,no,5,1,Strong,Mono,Poly,1,9,1,31
252Wiebe2009,Colaptes_auratus,Northern_flicker,326,0,46,0,51.87,-122.03,no,microsatellite,CV,2001,2007,7,April,July,Colaptes_auratus,Colaptes_auratus,Colaptes_auratus,Colaptes_auratus,polyandry,biparental,mixed,no,136.1666667,17,cavity,microsatellite,no,7,0,Weak,Mono,Poly,0,46,0,326
60Davis2017,Colinus_virginianus,Northern_bobwhite,NA,NA,34,85.3,36,-100,no,microsatellite,SC,2013,2014,2,April,September,Colinus_virginianus,Colinus_virginianus,Colinus_virginianus,Colinus_virginianus,monogamy,biparental,mixed,NA,196.0166667,15,ground,microsatellite,no,2,0,Weak,Mono,Poly,29,5,NA,NA
34Sánchez-Tójar2015,Coracias_garrulus,European_roller,169,1.2,49,4.6,37.3,-3.18,yes,microsatellite,CV,2007,2011,5,May,July,Coracias_garrulus,Coracias_garrulus,Coracias_garrulus,Coracias_garrulus,monogamy,biparental,monogamy,no,141.8333333,6,cavity,microsatellite,yes,5,1,Strong,Mono,NA,2,47,2,167
297Decker1993,Coragyps_atratus,black_vulture,36,0,16,0,35.75,-78.92,no,DNA_fingerprinting,NO,1987,1989,3,March,June,Coragyps_atratus,Coragyps_atratus,Coragyps_atratus,Coragyps_atratus,monogamy,biparental,monogamy,no,1811.833333,4,ground,DNA_fingerprinting,no,3,0,Weak,Mono,NA,0,16,0,36
134Liebers1999,Corvus_monedula,Eurasian_jackdaw,39,2.6,15,6.7,50.92,11.57,yes,DNA_fingerprinting,CV,1992,1993,2,April,June,Corvus_monedula,Corvus_monedula,Coloeus_monedula,Coloeus_monedula,monogamy,biparental,monogamy,no,200.5,7,cavity,DNA_fingerprinting,yes,2,1,Weak,Mono,NA,1,14,1,38
196Henderson2000,Corvus_monedula,Eurasian_jackdaw,74,0,20,0,52.63,-1.13,yes,DNA_fingerprinting,CV,1991,1992,2,April,June,Corvus_monedula,Corvus_monedula,Coloeus_monedula,Coloeus_monedula,monogamy,biparental,monogamy,no,200.5,7,cavity,DNA_fingerprinting,yes,2,1,Weak,Mono,NA,0,20,0,74
260Overeem2014,Cyanocitta_stelleri,Steller’s_jay,79,15.2,41,14.6,40.98,-124,no,microsatellite,PL,2006,2008,3,March,August,Cyanocitta_stelleri,Cyanocitta_stelleri,Cyanocitta_stelleri,Cyanocitta_stelleri,monogamy,biparental,monogamy,no,119.75,6,open,microsatellite,no,3,1,Weak,Mono,NA,6,35,12,67
218Masello2002,Cyanoliseus_patagonus,burrowing_parakeet,166,0,49,0,-41.05,-62.8,no,DNA_fingerprinting,"BU,CV",1998,2000,3,October,February,Cyanoliseus_patagonus,Cyanoliseus_patagonus,Cyanoliseus_patagonus,Cyanoliseus_patagonus,monogamy,biparental,monogamy,NA,281.5,5,cavity,DNA_fingerprinting,no,3,1,Weak,Mono,NA,0,49,0,166
249Kraaijeveld2004,Cygnus_atratus,black_swan,332,15.1,85,37.6,-37.55,14.82,no,microsatellite,M,1999,2001,3,July,November,Cygnus_atratus,Cygnus_atratus,Cygnus_atratus,Cygnus_atratus,monogamy,biparental,monogamy,NA,5862.5,6,ground,microsatellite,no,3,1,Weak,Mono,NA,32,53,50,282
188Riley1995,Delichon_urbicum,house_martin,62,14.5,19,31.6,56.1,-3.93,no,DNA_fingerprinting,"DM,O",1987,1989,3,May,August,Delichon_urbicum,Delichon_urbicum,Delichon_urbicum,Delichon_urbicum,monogamy,biparental,mixed,NA,16.65,7,ground,DNA_fingerprinting,no,3,1,Strong,Mono,Poly,6,13,9,53
269Whittingham1995,Delichon_urbicum,house_martin,38,28.9,10,60,61.42,8.87,no,DNA_fingerprinting,"DM,O",1992,1992,1,July,July,Delichon_urbicum,Delichon_urbicum,Delichon_urbicum,Delichon_urbicum,monogamy,biparental,mixed,NA,16.65,7,ground,DNA_fingerprinting,no,1,1,Strong,Mono,Poly,6,4,11,27
268Klaus2001,Dendrocopos_major,great_spotted_woodpecker,161,0,36,0,48.22,16.27,no,DNA_fingerprinting,CV,1995,1996,2,April,June,Dendrocopos_major,Dendrocopos_major,Dendrocopos_major,Dendrocopos_major,monogamy,biparental,mixed,no,82,8,cavity,DNA_fingerprinting,no,2,0,Weak,Mono,Poly,0,36,0,161
268Klaus2001,Dendrocopos_medius,middle_spotted_woodpecker,61,0,13,0,48.22,16.27,no,DNA_fingerprinting,CV,1995,1996,2,April,June,Dendrocopos_medius,Dendrocopos_medius,Dendrocoptes_medius,Dendrocoptes_medius,monogamy,biparental,monogamy,no,67.5,8,cavity,DNA_fingerprinting,no,2,0,Weak,Mono,NA,0,13,0,61
325Webster2001,Dendroica_caerulescens,black-throated_blue_warbler,413,23,117,34.2,43.93,-71.75,NA,DNA_fingerprinting/microsatellite,CP,1995,1998,4,May,August,Dendroica_caerulescens,Dendroica_caerulescens,Setophaga_caerulescens,Setophaga_caerulescens,monogamy,biparental,mixed,NA,10.25,5,open,mixed_other,NA,4,0,Strong,Mono,Poly,40,77,95,318
41Byers2004,Dendroica_pensylvanica,chestnut-sided_warbler,95,47.4,33,60.6,42.67,-73.05,NA,microsatellite,CP,1999,2000,2,May,July,Dendroica_pensylvanica,Dendroica_pensylvanica,Setophaga_pensylvanica,Setophaga_pensylvanica,monogamy,biparental,monogamy,NA,9.916666667,5,open,microsatellite,NA,2,0,Strong,Mono,NA,20,13,45,50
33Grunst2014,Dendroica_petechia,yellow_warbler,150,30.7,57,49.1,37.6,-118.82,no,microsatellite,CP,2010,2012,3,May,July,Dendroica_petechia,Dendroica_petechia,Setophaga_petechia,Setophaga_petechia,monogamy,biparental,mixed,no,10.2,5,open,microsatellite,no,3,0,Strong,Mono,Poly,28,29,46,104
426Yezerinac1999,Dendroica_petechia,yellow_warbler,53,13.2,12,25,58.67,-94.42,no,microsatellite,CP,1994,1994,1,May,July,Dendroica_petechia,Dendroica_petechia,Setophaga_petechia,Setophaga_petechia,monogamy,biparental,mixed,no,10.2,5,open,microsatellite,no,1,0,Strong,Mono,Poly,3,9,7,46
427Yezerinac1997,Dendroica_petechia,yellow_warbler,484,33.1,130,53.8,44.57,-76.33,no,DNA_fingerprinting,CP,1992,1994,3,May,July,Dendroica_petechia,Dendroica_petechia,Setophaga_petechia,Setophaga_petechia,monogamy,biparental,mixed,no,10.2,5,open,DNA_fingerprinting,no,3,0,Strong,Mono,Poly,70,60,160,324
447Burg2006,Diomedea_exulans,wandering_albatross,104,13.5,147,10.9,-54,-38,no,microsatellite,M,1998,1999,2,December,November,Diomedea_exulans,Diomedea_exulans,Diomedea_exulans,Diomedea_exulans,monogamy,biparental,monogamy,no,8410,1,ground,microsatellite,no,2,1,Weak,Mono,NA,16,131,14,90
302 Jones2012,Diomedea_exulans,wandering_albatross,247,18.2,194,20.1,-46.87,37.68,no,microsatellite,M,2007,2009,3,November,October,Diomedea_exulans,Diomedea_exulans,Diomedea_exulans,Diomedea_exulans,monogamy,biparental,monogamy,no,8410,1,ground,microsatellite,no,3,1,Weak,Mono,NA,39,155,45,202
362Jouventin2006,Diomedea_exulans,wandering_albatross,50,12,50,12,-46.42,51.75,no,microsatellite,M,2001,2002,2,November,October,Diomedea_exulans,Diomedea_exulans,Diomedea_exulans,Diomedea_exulans,monogamy,biparental,monogamy,no,8410,1,ground,microsatellite,no,2,1,Weak,Mono,NA,6,44,6,44
362Jouventin2006,Diomedea_exulans,wandering_albatross,24,8.3,24,8.3,-49.25,69.53,no,microsatellite,M,2002,2003,2,December,November,Diomedea_exulans,Diomedea_exulans,Diomedea_exulans,Diomedea_exulans,monogamy,biparental,monogamy,no,8410,1,ground,microsatellite,no,2,1,Weak,Mono,NA,2,22,2,22
441Ryder2012,Dumetella_carolinensis,grey_catbird,455,13,165,24.8,39,-76,no,microsatellite,CP,2008,2009,2,May,August,Dumetella_carolinensis,Dumetella_carolinensis,Dumetella_carolinensis,Dumetella_carolinensis,monogamy,biparental,NA,NA,38.31666667,4,open,microsatellite,no,2,0,Strong,NA,NA,41,124,59,396
46 Stutchbury2007,Elaenia_chiriquensis,lesser_elaenia,38,36.8,15,66.7,9.12,-79.68,no,microsatellite,CP,1998,1999,2,January,March,Elaenia_chiriquensis,Elaenia_chiriquensis,Elaenia_chiriquensis,Elaenia_chiriquensis,monogamy,biparental,NA,no,16.8,4,open,microsatellite,no,2,0,Weak,NA,NA,10,5,14,24
46 Stutchbury2007,Elaenia_flavogaster,yellow-bellied_elaenia,24,4.2,13,7.7,9.12,-79.68,no,microsatellite,CP,1998,1999,2,January,March,Elaenia_flavogaster,Elaenia_flavogaster,Elaenia_flavogaster,Elaenia_flavogaster,monogamy,biparental,NA,no,25,3,open,microsatellite,no,2,0,Weak,NA,NA,1,12,1,23
232Sundberg1996,Emberiza_citrinella,yellowhammer,123,37.4,32,68.8,59.9,17.53,no,DNA_fingerprinting,CP,1990,1993,4,May,June,Emberiza_citrinella,Emberiza_citrinella,Emberiza_citrinella,Emberiza_citrinella,monogamy,biparental,monogamy,NA,29.73333333,5,open,DNA_fingerprinting,no,4,0,Weak,Mono,NA,22,10,46,77
8Dixon1994,Emberiza_schoeniclus,reed_bunting,216,54.6,58,86.2,52.13,-1.13,no,DNA_fingerprinting,CP,NA,NA,#VALUE!,April,August,Emberiza_schoeniclus,Emberiza_schoeniclus,Emberiza_schoeniclus,Emberiza_schoeniclus,monogamy,biparental,mixed,no,18.63333333,5,open,DNA_fingerprinting,no,NA,0,Weak,Mono,Poly,50,8,118,98
255Bouwman2006,Emberiza_schoeniclus,reed_bunting,473,51,121,73.6,51.75,4.75,no,microsatellite,CP,2002,2003,2,February,July,Emberiza_schoeniclus,Emberiza_schoeniclus,Emberiza_schoeniclus,Emberiza_schoeniclus,monogamy,biparental,mixed,no,18.63333333,5,open,microsatellite,no,2,0,Weak,Mono,Poly,89,32,241,232
425Suter2007,Emberiza_schoeniclus,reed_bunting,835,37.7,213,62.9,46.9,6.93,no,microsatellite,CP,2002,2006,5,March,August,Emberiza_schoeniclus,Emberiza_schoeniclus,Emberiza_schoeniclus,Emberiza_schoeniclus,monogamy,biparental,mixed,no,18.63333333,5,open,microsatellite,no,5,0,Weak,Mono,Poly,134,79,315,520
450Pearson2006,Empidonax_traillii,willow_flycatcher,140,14.3,56,21.4,35.65,-118.03,no,microsatellite,CP,1997,2002,6,May,August,Empidonax_traillii,Empidonax_traillii,Empidonax_traillii,Empidonax_traillii,monogamy,biparental,NA,NA,13.31666667,4,open,microsatellite,no,6,0,Strong,NA,NA,12,44,20,120
345Kleven2005,Emberiza_schoeniclus,reed_bunting,332,29.5,72,54.2,61.42,8.87,NA,microsatellite,CP,2001,2002,2,June,July,Emberiza_schoeniclus,Emberiza_schoeniclus,Emberiza_schoeniclus,Emberiza_schoeniclus,monogamy,biparental,mixed,no,18.63333333,5,open,microsatellite,NA,2,0,Weak,Mono,Poly,39,33,98,234
400Tarof2005,Empidonax_minimus,least_flycatcher,83,37,23,56.5,44.57,-76.32,no,microsatellite,CP,1999,2000,2,May,July,Empidonax_minimus,Empidonax_minimus,Empidonax_minimus,Empidonax_minimus,monogamy,biparental,NA,NA,10.7,4,open,microsatellite,no,2,0,Strong,NA,NA,13,10,31,52
413Hung2009,Empidonax_virescens,acadian_flycatcher,28,57.1,14,64.3,41.77,-79.93,no,microsatellite,CP,2004,2006,3,May,August,Empidonax_virescens,Empidonax_virescens,Empidonax_virescens,Empidonax_virescens,monogamy,biparental,NA,NA,12.63333333,4,open,microsatellite,no,3,0,Strong,NA,NA,9,5,16,12
314Evans2009,Empidonax_virescens,acadian_flycatcher,29,13.8,12,25,42.72,-81.1,no,microsatellite,CP,2002,2003,2,May,August,Empidonax_virescens,Empidonax_virescens,Empidonax_virescens,Empidonax_virescens,monogamy,biparental,NA,NA,12.63333333,4,open,microsatellite,no,2,0,Strong,NA,NA,3,9,4,25
42Woolfenden2005,Empidonax_virescens,acadian_flycatcher,133,40.6,53,58.5,41.77,-79.93,no,microsatellite,CP,1997,2002,6,May,July,Empidonax_virescens,Empidonax_virescens,Empidonax_virescens,Empidonax_virescens,monogamy,biparental,NA,NA,12.63333333,4,open,microsatellite,no,6,0,Strong,NA,NA,31,22,54,79
353Bolton2017,Erythrura_gouldiae,gouldian_finch,232,8.6,57,22.8,-15.57,128,both,microsatellite/SNPs,"CV,DM",2008,2009,2,February,August,Erythrura_gouldiae,Erythrura_gouldiae,Chloebia_gouldiae,Chloebia_gouldiae,monogamy,biparental,NA,NA,13.25,8,cavity,mixed_other,NA,2,1,Weak,NA,NA,13,44,20,212
202Owens1995,Eudromias_morinellus,Eurasian_dotterel,44,4.5,22,9.1,57.05,-3.57,no,DNA_fingerprinting,SC,1989,1990,2,May,June,Eudromias_morinellus,Eudromias_morinellus,Eudromias_morinellus,Eudromias_morinellus,monogamy,uniparental,mixed,NA,110.75,3,ground,DNA_fingerprinting,no,2,0,Strong,Mono,Poly,2,20,2,42
198McLean2000,Eudyptes_pachyrhynchus,fiordland_penguin,33,0,24,0,-43.83,168.88,no,DNA_fingerprinting,SC,1990,1990,1,July,September,Eudyptes_pachyrhynchus,Eudyptes_pachyrhynchus,Eudyptes_pachyrhynchus,Eudyptes_pachyrhynchus,monogamy,biparental,NA,no,3755,2,ground,DNA_fingerprinting,no,1,1,Weak,NA,NA,0,24,0,33
64Clair1995,Eudyptes_schlegeli,royal_penguin,26,3.8,13,7.7,-54.5,158.95,no,DNA_fingerprinting,SC,1991,1991,1,October,December,Eudyptes_schlegeli,Eudyptes_schlegeli,Eudyptes_schlegeli,Eudyptes_schlegeli,monogamy,biparental,NA,NA,4900,2,ground,DNA_fingerprinting,no,1,1,Weak,NA,NA,1,12,1,25
383Edler2008,Euplectes_orix,red_bishop,115,39.1,47,63.8,-33.43,25.75,no,DNA_fingerprinting,SP,2002,2004,3,October,March,Euplectes_orix,Euplectes_orix,Euplectes_orix,Euplectes_orix,monogamy,uniparental,polygamy,NA,23.5,3,other_enclosed,DNA_fingerprinting,no,3,1,Weak,NA,Poly,30,17,45,70
456 Friedl1999,Euplectes_orix,red_bishop,432,17.6,187,30.5,-33.43,25.75,no,DNA_fingerprinting,SP,1993,1997,5,October,April,Euplectes_orix,Euplectes_orix,Euplectes_orix,Euplectes_orix,monogamy,uniparental,polygamy,NA,23.5,3,other_enclosed,DNA_fingerprinting,no,5,1,Weak,NA,Poly,57,130,76,356
199Warkentin1994,Falco_columbarius,merlin,47,0,18,0,52.12,-106.63,no,DNA_fingerprinting,"CV,O,SC",1988,1990,3,April,July,Falco_columbarius,Falco_columbarius,Falco_columbarius,Falco_columbarius,monogamy,nk_cooperation,monogamy,NA,193,6,cavity,DNA_fingerprinting,no,3,0,Strong,Mono,NA,0,18,0,47
208Swatschek1993,Falco_eleonorae,eleonoras_falcon,60,NA,17,0,38,24.98,no,DNA_fingerprinting,CV,1991,1991,1,May,October,Falco_eleonorae,Falco_eleonorae,Falco_eleonorae,Falco_eleonorae,monogamy,biparental,NA,NA,388.3333333,4,cavity,DNA_fingerprinting,no,1,1,Strong,NA,NA,0,17,NA,NA
294 Alcaide2005,Falco_naumanni,lesser_kestrel,24,4.2,8,12.5,37.17,-6.35,no,microsatellite,"CV,O",2003,2003,1,March,July,Falco_naumanni,Falco_naumanni,Falco_naumanni,Falco_naumanni,monogamy,biparental,monogamy,no,145.75,6,cavity,microsatellite,no,1,1,Strong,Mono,NA,1,7,1,23
294 Alcaide2005,Falco_naumanni,lesser_kestrel,72,8.3,23,8.7,41.35,-0.18,no,microsatellite,"CV,O",1993,1993,1,April,July,Falco_naumanni,Falco_naumanni,Falco_naumanni,Falco_naumanni,monogamy,biparental,monogamy,no,145.75,6,cavity,microsatellite,no,1,1,Strong,Mono,NA,2,21,6,66
322Nesje2000,Falco_peregrinus,peregrine_falcon,64,0,18,0,NA,NA,no,microsatellite,"SC,O",1993,1996,4,NA,NA,Falco_peregrinus,Falco_peregrinus,Falco_peregrinus,Falco_peregrinus,monogamy,biparental,mixed,NA,916.25,4,ground,microsatellite,no,4,0,Weak,Mono,Poly,0,18,0,64
328Villarroel1998,Falco_sparverius,American_kestrel,89,11.2,21,9.5,42.42,-75.08,yes,DNA_fingerprinting,"CV,O",1992,1993,2,March,July,Falco_sparverius,Falco_sparverius,Falco_sparverius,Falco_sparverius,monogamy,biparental,monogamy,no,119.3333333,7,cavity,DNA_fingerprinting,yes,2,0,Strong,Mono,NA,2,19,10,79
150Korpimäki1996,Falco_tinnunculus,Eurasian_kestrel,319,1.9,75,2.7,62.98,22.83,yes,DNA_fingerprinting,"CV,O",1990,1992,3,April,July,Falco_tinnunculus,Falco_tinnunculus,Falco_tinnunculus,Falco_tinnunculus,monogamy,biparental,monogamy,NA,210.5,7,cavity,DNA_fingerprinting,yes,3,1,Strong,Mono,NA,2,73,6,313
312Krist2011,Ficedula_albicollis,collared_flycatcher,800,26.8,135,57,49.53,17.07,yes,microsatellite,CP,2006,2010,5,April,June,Ficedula_albicollis,Ficedula_albicollis,Ficedula_albicollis,Ficedula_albicollis,monogamy,biparental,mixed,no,12.23333333,9,open,microsatellite,yes,5,0,Strong,Mono,Poly,77,58,214,586
483Sheldon1999,Ficedula_albicollis,collared_flycatcher,459,15.5,79,32.9,57.17,18.33,yes,microsatellite,CP,1994,1994,1,May,July,Ficedula_albicollis,Ficedula_albicollis,Ficedula_albicollis,Ficedula_albicollis,monogamy,biparental,mixed,no,12.23333333,9,open,microsatellite,yes,1,0,Strong,Mono,Poly,26,53,71,388
313Krist2005,Ficedula_albicollis,collared_flycatcher,165,24.2,27,51.9,49.53,17.07,yes,microsatellite,CP,2001,2002,2,April,June,Ficedula_albicollis,Ficedula_albicollis,Ficedula_albicollis,Ficedula_albicollis,monogamy,biparental,mixed,no,12.23333333,9,open,microsatellite,yes,2,0,Strong,Mono,Poly,14,13,40,125
54Rosivall2009,Ficedula_albicollis,collared_flycatcher,NA,20.6,45,55.7,47.7,19.02,yes,microsatellite,CP,2002,2003,2,April,June,Ficedula_albicollis,Ficedula_albicollis,Ficedula_albicollis,Ficedula_albicollis,monogamy,biparental,mixed,no,12.23333333,9,open,microsatellite,yes,2,0,Strong,Mono,Poly,25,20,NA,NA
455Veen2001,Ficedula_albicollis,collared_flycatcher,NA,NA,44,13.6,NA,NA,yes,microsatellite,CP,1985,2001,17,April,June,Ficedula_albicollis,Ficedula_albicollis,Ficedula_albicollis,Ficedula_albicollis,monogamy,biparental,mixed,no,12.23333333,9,open,microsatellite,yes,17,0,Strong,Mono,Poly,6,38,NA,NA
457Wilk2008,Ficedula_albicollis,collared_flycatcher,482,15.6,78,34.6,50.1,20.4,yes,microsatellite,CP,2003,2006,4,April,June,Ficedula_albicollis,Ficedula_albicollis,Ficedula_albicollis,Ficedula_albicollis,monogamy,biparental,mixed,no,12.23333333,9,open,microsatellite,yes,4,0,Strong,Mono,Poly,27,51,75,407
242Moreno2013,Ficedula_hypoleuca,pied_flycatcher,268,13.1,59,28.8,40.8,-4.02,yes,microsatellite,CP,2010,2010,1,May,June,Ficedula_hypoleuca,Ficedula_hypoleuca,Ficedula_hypoleuca,Ficedula_hypoleuca,monogamy,biparental,mixed,no,14.21666667,10,open,microsatellite,yes,1,0,Strong,Mono,Poly,17,42,35,233
446Lubjuhn2000,Ficedula_hypoleuca,pied_flycatcher,884,5.1,164,12.8,52.45,7.25,yes,DNA_fingerprinting,CP,1993,1996,4,April,June,Ficedula_hypoleuca,Ficedula_hypoleuca,Ficedula_hypoleuca,Ficedula_hypoleuca,monogamy,biparental,mixed,no,14.21666667,10,open,DNA_fingerprinting,yes,4,0,Strong,Mono,Poly,21,143,45,839
235Lifjeld1991,Ficedula_hypoleuca,pied_flycatcher,135,4.4,27,14.8,59.98,10.63,yes,DNA_fingerprinting,CP,1989,1989,1,May,July,Ficedula_hypoleuca,Ficedula_hypoleuca,Ficedula_hypoleuca,Ficedula_hypoleuca,monogamy,biparental,mixed,no,14.21666667,10,open,DNA_fingerprinting,yes,1,0,Strong,Mono,Poly,4,23,6,129
214Brün1996,Ficedula_hypoleuca,pied_flycatcher,165,5.5,31,12.9,52.53,7.35,yes,DNA_fingerprinting,CP,1993,1993,1,May,June,Ficedula_hypoleuca,Ficedula_hypoleuca,Ficedula_hypoleuca,Ficedula_hypoleuca,monogamy,biparental,mixed,no,14.21666667,10,open,DNA_fingerprinting,yes,1,0,Strong,Mono,Poly,4,27,9,156
117Canal2012,Ficedula_hypoleuca,pied_flycatcher,1126,15.2,233,33,41.07,-3.45,yes,microsatellite,CP,2005,2006,2,May,June,Ficedula_hypoleuca,Ficedula_hypoleuca,Ficedula_hypoleuca,Ficedula_hypoleuca,monogamy,biparental,mixed,no,14.21666667,10,open,microsatellite,yes,2,0,Strong,Mono,Poly,77,156,171,955
363Lehtonen2009,Ficedula_hypoleuca,pied_flycatcher,857,4.4,191,13.1,60.42,22.17,yes,microsatellite,CP,2005,2006,2,April,June,Ficedula_hypoleuca,Ficedula_hypoleuca,Ficedula_hypoleuca,Ficedula_hypoleuca,monogamy,biparental,mixed,no,14.21666667,10,open,microsatellite,yes,2,0,Strong,Mono,Poly,25,166,38,819
182Ellegren1995,Ficedula_hypoleuca,pied_flycatcher,98,7,18,17,59.97,10.78,yes,microsatellite,CP,1992,1992,1,May,June,Ficedula_hypoleuca,Ficedula_hypoleuca,Ficedula_hypoleuca,Ficedula_hypoleuca,monogamy,biparental,mixed,no,14.21666667,10,open,microsatellite,yes,1,0,Strong,Mono,Poly,3,15,7,91
187Gelter1992,Ficedula_hypoleuca,pied_flycatcher,38,23.7,7,42.9,59.83,17.67,yes,DNA_fingerprinting,CP,1987,1987,1,May,June,Ficedula_hypoleuca,Ficedula_hypoleuca,Ficedula_hypoleuca,Ficedula_hypoleuca,monogamy,biparental,mixed,no,14.21666667,10,open,DNA_fingerprinting,yes,1,0,Strong,Mono,Poly,3,4,9,29
243Moreno2010,Ficedula_hypoleuca,pied_flycatcher,348,7.5,58,22.4,40.8,-4.02,yes,microsatellite,CP,2003,2003,1,May,June,Ficedula_hypoleuca,Ficedula_hypoleuca,Ficedula_hypoleuca,Ficedula_hypoleuca,monogamy,biparental,mixed,no,14.21666667,10,open,microsatellite,yes,1,0,Strong,Mono,Poly,13,45,26,322
241Moreno2015,Ficedula_hypoleuca,pied_flycatcher,313,17.6,60,38.3,40.8,-4.02,yes,microsatellite,CP,2011,2011,1,May,June,Ficedula_hypoleuca,Ficedula_hypoleuca,Ficedula_hypoleuca,Ficedula_hypoleuca,monogamy,biparental,mixed,no,14.21666667,10,open,microsatellite,yes,1,0,Strong,Mono,Poly,23,37,55,258
349Rätti1995,Ficedula_hypoleuca,pied_flycatcher,223,10.8,36,22.2,62.62,26.33,yes,DNA_fingerprinting,CP,1990,1990,1,May,June,Ficedula_hypoleuca,Ficedula_hypoleuca,Ficedula_hypoleuca,Ficedula_hypoleuca,monogamy,biparental,mixed,no,14.21666667,10,open,DNA_fingerprinting,yes,1,0,Strong,Mono,Poly,8,28,24,199
348Rätti2001,Ficedula_hypoleuca,pied_flycatcher,225,4.4,43,7,62.62,26.33,yes,DNA_fingerprinting,CP,1992,1992,1,May,June,Ficedula_hypoleuca,Ficedula_hypoleuca,Ficedula_hypoleuca,Ficedula_hypoleuca,monogamy,biparental,mixed,no,14.21666667,10,open,DNA_fingerprinting,yes,1,0,Strong,Mono,Poly,3,40,10,215
53Tomotani2017,Ficedula_hypoleuca,pied_flycatcher,481,8.9,93,19.4,52.03,5.85,yes,microsatellite,CP,2014,2014,1,April,June,Ficedula_hypoleuca,Ficedula_hypoleuca,Ficedula_hypoleuca,Ficedula_hypoleuca,monogamy,biparental,mixed,no,14.21666667,10,open,microsatellite,yes,1,0,Strong,Mono,Poly,18,75,43,438
240Mitrus2014,Ficedula_parva,red-breasted_flycatcher,159,7.5,33,24.2,52.68,23.87,no,microsatellite,CP,2004,2011,8,May,July,Ficedula_parva,Ficedula_parva,Ficedula_parva,Ficedula_parva,monogamy,biparental,monogamy,NA,10,7,open,microsatellite,no,8,0,Strong,Mono,NA,8,25,12,147
300Gong2017,Ficedula_zanthopygia,yellow_rumped_flycatcher,325,22.2,64,54.7,45,126,yes,microsatellite,CP,2011,2013,3,May,July,Ficedula_zanthopygia,Ficedula_zanthopygia,Ficedula_zanthopygia,Ficedula_zanthopygia,monogamy,biparental,NA,NA,12.33333333,8,open,microsatellite,yes,3,0,Strong,NA,NA,35,29,72,253
440Anker-Nilssen2008,Fratercula_arctica,Atlantic_puffin,38,0,38,0,67.43,11.88,no,microsatellite,"BU,CR",2003,2004,2,June,July,Fratercula_arctica,Fratercula_arctica,Fratercula_arctica,Fratercula_arctica,monogamy,biparental,monogamy,no,432.5,1,cavity,microsatellite,no,2,1,Strong,Mono,NA,0,38,0,38
116Dearborn2001,Fregata_minor,great_frigatebird,92,1.1,92,1.1,23.75,-166.02,no,DNA_fingerprinting,PL,1998,1999,2,February,May,Fregata_minor,Fregata_minor,Fregata_minor,Fregata_minor,monogamy,biparental,monogamy,NA,1161.166667,1,open,DNA_fingerprinting,no,2,1,Strong,Mono,NA,1,91,1,91
163Juola2012,Fregata_minor,great_frigatebird,46,8.7,46,8.7,23.75,-166.02,no,microsatellite/MHC,PL,2007,2007,1,February,June,Fregata_minor,Fregata_minor,Fregata_minor,Fregata_minor,monogamy,biparental,monogamy,NA,1161.166667,1,open,mixed_other,no,1,1,Strong,Mono,NA,4,42,4,42
39Sheldon1994,Fringilla_coelebs,chaffinch,47,17,13,23.1,53.33,-1.53,no,DNA_fingerprinting,CP,1990,1992,3,March,June,Fringilla_coelebs,Fringilla_coelebs,Fringilla_coelebs,Fringilla_coelebs,monogamy,biparental,mixed,NA,22.75,5,open,DNA_fingerprinting,no,3,0,Weak,Mono,Poly,3,10,8,39
166Hunter1992,Fulmarus_glacialis,northern_fulmar,28,0,28,0,59.53,-1.62,no,DNA_fingerprinting,SA,1988,1988,1,March,May,Fulmarus_glacialis,Fulmarus_glacialis,Fulmarus_glacialis,Fulmarus_glacialis,monogamy,biparental,monogamy,NA,751.3333333,1,open,DNA_fingerprinting,no,1,1,Strong,Mono,NA,0,28,0,28
402McRae1996,Gallinula_chloropus,moorhen,68,0,13,0,52.63,-0.27,no,DNA_fingerprinting,SA,1991,1993,3,March,July,Gallinula_chloropus,Gallinula_chloropus,Gallinula_chloropus,Gallinula_chloropus,monogamy,cooperation,mixed,yes,297.5,14,open,DNA_fingerprinting,no,3,0,Weak,Mono,Poly,0,13,0,68
471Piper1997,Gavia_immer,common_loon,58,0,47,0,45.7,-89.62,no,DNA_fingerprinting,M,1991,1994,4,May,July,Gavia_immer,Gavia_immer,Gavia_immer,Gavia_immer,monogamy,biparental,monogamy,NA,4898.333333,3,ground,DNA_fingerprinting,no,4,0,Strong,Mono,NA,0,47,0,58
373Grant2011,Geospiza_fortis,medium_ground-finch,1248,17.1,NA,NA,-0.42,-90.37,no,microsatellite,SP,1987,1998,12,January,April,Geospiza_fortis,Geospiza_fortis,Geospiza_fortis,Geospiza_fortis,monogamy,nk_cooperation,NA,NA,25,4,other_enclosed,microsatellite,no,12,0,Weak,NA,NA,NA,NA,213,1035
373Grant2011,Geospiza_scandens,cactus_finch,368,10.3,NA,NA,-0.42,-90.37,no,microsatellite,SP,1987,1998,12,January,April,Geospiza_scandens,Geospiza_scandens,Geospiza_scandens,Geospiza_scandens,monogamy,nk_cooperation,NA,NA,21.3,4,other_enclosed,microsatellite,no,12,0,Weak,NA,NA,NA,NA,38,330
37Abroe2007,Geothlypis_trichas,yellowthroat,486,19.1,138,43.5,43.38,-88.02,NA,microsatellite,CP,2002,2004,3,May,August,Geothlypis_trichas,Geothlypis_trichas,Geothlypis_trichas,Geothlypis_trichas,monogamy,biparental,monogamy,no,11.275,6,open,microsatellite,NA,3,0,Strong,Mono,NA,60,78,93,393
317Hall2000,Grallina_cyanoleuca,Australian_magpie-lark,103,2.9,47,6.4,-35.27,149.12,no,DNA_fingerprinting,CP,1995,1996,2,August,December,Grallina_cyanoleuca,Grallina_cyanoleuca,Grallina_cyanoleuca,Grallina_cyanoleuca,monogamy,biparental,monogamy,NA,84.1,6,open,DNA_fingerprinting,no,2,0,Weak,Mono,NA,3,44,3,100
292Hayes2006,Grus_canadensis,sandhill_crane,45,11.1,18,22.2,43.6,-89.6,no,microsatellite,HC,1991,2004,14,March,November,Grus_canadensis,Grus_canadensis,Antigone_canadensis,Antigone_canadensis,monogamy,biparental,monogamy,NA,3855,2,open,microsatellite,no,14,0,Strong,Mono,NA,4,14,5,40
365Gouar2011,Gyps_fulvus,griffon_vulture,30,0,NA,NA,44.27,5.27,no,microsatellite,"O,PL",2001,2004,4,December,August,Gyps_fulvus,Gyps_fulvus,Gyps_fulvus,Gyps_fulvus,monogamy,biparental,mixed,NA,7866.666667,1,open,microsatellite,no,4,1,Weak,Mono,Poly,NA,NA,0,30
365Gouar2011,Gyps_fulvus,griffon_vulture,10,0,NA,NA,43.77,6.37,no,microsatellite,"O,PL",2002,2004,3,December,August,Gyps_fulvus,Gyps_fulvus,Gyps_fulvus,Gyps_fulvus,monogamy,biparental,mixed,NA,7866.666667,1,open,microsatellite,no,3,1,Weak,Mono,Poly,NA,NA,0,10
194Chiver2015,Habia_fuscicauda,red-throated_ant-tanager,41,41.5,19,52.6,9.08,-79.65,no,microsatellite,NA,2007,2010,4,February,May,Habia_fuscicauda,Habia_fuscicauda,Driophlox_fuscicauda,Driophlox_fuscicauda,monogamy,cooperation,monogamy,NA,38.25,4,NA,microsatellite,no,4,0,Weak,Mono,NA,10,9,17,24
124Heg1993,Haematopus_ostralegus,Eurasian_oystercatcher,65,1.5,26,3.8,53.48,6.22,no,DNA_fingerprinting,SC,1986,1991,6,March,August,Haematopus_ostralegus,Haematopus_ostralegus,Haematopus_ostralegus,Haematopus_ostralegus,monogamy,nk_cooperation,mixed,NA,600,5,ground,DNA_fingerprinting,no,6,0,Weak,Mono,Poly,1,25,1,64
307 Magrath1997,Hirundo_ariel,fairy_martin,203,13.8,70,20,-37.8,144.95,no,microsatellite,SP,1994,1996,3,August,February,Hirundo_ariel,Hirundo_ariel,Petrochelidon_ariel,Petrochelidon_ariel,monogamy,biparental,monogamy,NA,11.38333333,5,other_enclosed,microsatellite,no,3,1,Weak,Mono,NA,14,56,28,175
341Saino1999,Hirundo_rustica,barn_swallow,214,28.5,52,51.9,45.43,8.62,no,microsatellite,CP,1994,1994,1,May,June,Hirundo_rustica,Hirundo_rustica,Hirundo_rustica,Hirundo_rustica,monogamy,biparental,monogamy,no,19.35,7,open,microsatellite,no,1,1,Strong,Mono,NA,27,25,61,153
234Lifjeld2011,Hirundo_rustica,barn_swallow,603,31.2,139,NA,44.47,-76.47,no,microsatellite,CP,2003,2004,2,April,August,Hirundo_rustica,Hirundo_rustica,Hirundo_rustica,Hirundo_rustica,monogamy,biparental,monogamy,no,19.35,7,open,microsatellite,no,2,1,Strong,Mono,NA,NA,NA,188,415
345Kleven2005,Hirundo_rustica,barn_swallow,917,28.8,210,48.1,44.57,-76.32,no,microsatellite,CP,2003,2004,2,April,August,Hirundo_rustica,Hirundo_rustica,Hirundo_rustica,Hirundo_rustica,monogamy,biparental,monogamy,no,19.35,7,open,microsatellite,no,2,1,Strong,Mono,NA,101,109,264,653
27Møller1997,Hirundo_rustica,barn_swallow,261,28,63,33.3,57.2,10,no,DNA_fingerprinting,CP,1988,1989,2,NA,NA,Hirundo_rustica,Hirundo_rustica,Hirundo_rustica,Hirundo_rustica,monogamy,biparental,monogamy,no,19.35,7,open,DNA_fingerprinting,no,2,1,Strong,Mono,NA,21,42,73,188
443Laskemoen2013,Hirundo_rustica,barn_swallow,108,23.1,25,60,49.07,14.73,NA,NA,CP,NA,NA,#VALUE!,May,August,Hirundo_rustica,Hirundo_rustica,Hirundo_rustica,Hirundo_rustica,monogamy,biparental,monogamy,no,19.35,7,open,NA,NA,NA,1,Strong,Mono,NA,15,10,25,83
181Ellegren1997,Hirundo_rustica,barn_swallow,80,30,18,50,50.5,30.82,no,microsatellite,CP,1991,1996,6,May,August,Hirundo_rustica,Hirundo_rustica,Hirundo_rustica,Hirundo_rustica,monogamy,biparental,monogamy,no,19.35,7,open,microsatellite,no,6,1,Strong,Mono,NA,9,9,24,56
72Eikenaar2011,Hirundo_rustica,barn_swallow,424,34.2,94,55.3,37.22,-80.42,no,microsatellite,CP,2009,2010,2,April,August,Hirundo_rustica,Hirundo_rustica,Hirundo_rustica,Hirundo_rustica,monogamy,biparental,monogamy,no,19.35,7,open,microsatellite,no,2,1,Strong,Mono,NA,52,42,145,279
305Hasegawa2010,Hirundo_rustica,barn_swallow,296,2.7,65,7.7,37.12,138.02,no,microsatellite,CP,2005,2006,2,April,August,Hirundo_rustica,Hirundo_rustica,Hirundo_rustica,Hirundo_rustica,monogamy,biparental,monogamy,no,19.35,7,open,microsatellite,no,2,1,Strong,Mono,NA,5,60,8,288
472 Kojima2009,Hirundo_rustica,barn_swallow,301,15.6,71,26.7,35.22,139.88,no,microsatellite,CP,2006,2007,2,April,August,Hirundo_rustica,Hirundo_rustica,Hirundo_rustica,Hirundo_rustica,monogamy,biparental,monogamy,no,19.35,7,open,microsatellite,no,2,1,Strong,Mono,NA,19,52,47,254
26Moller2003,Hirundo_rustica,barn_swallow,674,17.8,170,32.4,38.83,-6.98,no,microsatellite,CP,1994,1994,1,March,June,Hirundo_rustica,Hirundo_rustica,Hirundo_rustica,Hirundo_rustica,monogamy,biparental,monogamy,no,19.35,7,open,microsatellite,no,1,1,Strong,Mono,NA,55,115,120,554
105Neuman2007,Hirundo_rustica,barn_swallow,NA,NA,53,49.1,42.35,-76.5,no,microsatellite,CP,2002,2002,1,May,August,Hirundo_rustica,Hirundo_rustica,Hirundo_rustica,Hirundo_rustica,monogamy,biparental,monogamy,no,19.35,7,open,microsatellite,no,1,1,Strong,Mono,NA,26,27,NA,NA
184Smith1991,Hirundo_rustica,barn_swallow,NA,NA,11,45.5,44.55,-76.32,no,NA,CP,1989,1989,1,May,August,Hirundo_rustica,Hirundo_rustica,Hirundo_rustica,Hirundo_rustica,monogamy,biparental,monogamy,no,19.35,7,open,NA,no,1,1,Strong,Mono,NA,5,6,NA,NA
478Vortman2011,Hirundo_rustica,barn_swallow,NA,16,41,NA,32.97,35.55,no,microsatellite,CP,2006,2008,3,November,July,Hirundo_rustica,Hirundo_rustica,Hirundo_rustica,Hirundo_rustica,monogamy,biparental,monogamy,no,19.35,7,open,microsatellite,no,3,1,Strong,Mono,NA,NA,NA,NA,NA
315Evans2008,Hylocichla_mustelina,wood_thrush,151,6,51,13.7,41.77,-79.93,no,microsatellite,CP,2002,2004,3,May,July,Hylocichla_mustelina,Hylocichla_mustelina,Hylocichla_mustelina,Hylocichla_mustelina,monogamy,biparental,monogamy,no,53.875,4,open,microsatellite,no,3,0,Strong,Mono,NA,7,44,9,142
314Evans2009,Hylocichla_mustelina,wood_thrush,112,40.2,36,66.7,43.25,-80.88,no,microsatellite,CP,2002,2003,2,May,July,Hylocichla_mustelina,Hylocichla_mustelina,Hylocichla_mustelina,Hylocichla_mustelina,monogamy,biparental,monogamy,no,53.875,4,open,microsatellite,no,2,0,Strong,Mono,NA,24,12,45,67
314Evans2009,Empidonax_virescens,acadian_flycatcher,29,14,12,25,NA,NA,no,microsatellite,CP,2002,2003,2,May,June,Empidonax_virescens,Empidonax_virescens,Empidonax_virescens,Empidonax_virescens,monogamy,biparental,NA,NA,12.63333333,4,open,microsatellite,no,2,0,Strong,NA,NA,3,9,4,25
414Triggs1991,Hymenolaimus_malacorhynchos,blue_duck,14,0,10,0,-39.38,175.13,no,DNA_fingerprinting,"CR,CV",1987,1988,2,August,December,Hymenolaimus_malacorhynchos,Hymenolaimus_malacorhynchos,Hymenolaimus_malacorhynchos,Hymenolaimus_malacorhynchos,monogamy,biparental,monogamy,NA,861.75,6,cavity,DNA_fingerprinting,no,2,0,Weak,Mono,NA,0,10,0,14
73Miño2011a,Icteria_virens_auricollis,yellow-breasted_chat,73,30.7,NA,50.9,NA,NA,no,microsatellite,CP,2009,2009,1,NA,NA,Icteria_virens,Icteria_virens,Icteria_virens,Icteria_virens,monogamy,NA,NA,NA,27.5,5,open,microsatellite,no,1,0,Weak,NA,NA,NA,NA,22,51
138Richardson1999,Icterus_galbula,Bullock´s_oriole,202,32.2,48,45.8,36.37,-121.55,no,DNA_fingerprinting,PN,1994,1995,2,March,June,Icterus_galbula,Icterus_galbula,Icterus_galbula,Icterus_galbula,monogamy,biparental,monogamy,NA,33.43333333,7,other_enclosed,DNA_fingerprinting,no,2,0,Strong,Mono,NA,22,26,65,137
195Lopes2013,Jabiru_mycteria,jabiru,40,7.69,20,10,-17,-56,no,microsatellite,NA,NA,NA,#VALUE!,June,September,Jabiru_mycteria,Jabiru_mycteria,Jabiru_mycteria,Jabiru_mycteria,monogamy,biparental,NA,NA,6164.5,5,NA,microsatellite,no,NA,1,Weak,NA,NA,2,18,3,37
237Atwell2014,Junco_hyemalis,dark-eyed_junco,229,26.2,89,NA,32.87,-117.02,no,microsatellite,"BU,CR,O,CP",2006,2007,2,February,July,Junco_hyemalis,Junco_hyemalis,Junco_hyemalis,Junco_hyemalis,monogamy,biparental,NA,NA,20.53333333,5,cavity,microsatellite,no,2,0,Strong,NA,NA,NA,NA,60,169
237Atwell2014,Junco_hyemalis,dark-eyed_junco,124,36.3,40,NA,32.87,-116.03,no,microsatellite,"BU,CR,O,CP",2006,2007,2,February,July,Junco_hyemalis,Junco_hyemalis,Junco_hyemalis,Junco_hyemalis,monogamy,biparental,NA,NA,20.53333333,5,cavity,microsatellite,no,2,0,Strong,NA,NA,NA,NA,45,79
340Gerlach2012,Junco_hyemalis,dark-eyed_junco,2148,27.2,NA,NA,37.37,-80.53,no,DNA_fingerprinting/microsatellite,"BU,CR,O,CP",1990,1996,7,April,June,Junco_hyemalis,Junco_hyemalis,Junco_hyemalis,Junco_hyemalis,monogamy,biparental,NA,NA,20.53333333,5,cavity,mixed_other,no,7,0,Strong,NA,NA,NA,NA,584,1564
339 Gerlach2013,Junco_hyemalis,dark-eyed_junco,NA,NA,41,43.9,37.37,-80.53,no,microsatellite,"BU,CR,O,CP",2001,2007,7,April,July,Junco_hyemalis,Junco_hyemalis,Junco_hyemalis,Junco_hyemalis,monogamy,biparental,NA,NA,20.53333333,5,cavity,microsatellite,no,7,0,Strong,NA,NA,18,23,NA,NA
330Wink2011,Jynx_torquilla,Eurasian_wryneck,292,0.7,50,2,51.9,11,yes,DNA_fingerprinting,CV,2003,2005,3,May,July,Jynx_torquilla,Jynx_torquilla,Jynx_torquilla,Jynx_torquilla,monogamy,biparental,monogamy,NA,38,12,cavity,DNA_fingerprinting,yes,3,0,Strong,Mono,NA,1,49,2,290
228Freeland1995,Lagopus_lagopus,willow_ptarmigan,256,9.4,38,13.2,59.83,-136.33,no,DNA_fingerprinting,SC,1987,1992,6,June,July,Lagopus_lagopus,Lagopus_lagopus,Lagopus_lagopus,Lagopus_lagopus,monogamy,biparental,mixed,NA,595.4166667,14,ground,DNA_fingerprinting,no,6,0,Weak,Mono,Poly,5,33,24,232
136Benson2002,Lagopus_leucura,white-tailed_ptarmigan,58,5.2,18,16.7,48.68,-113.72,no,microsatellite,SC,1996,1998,3,May,September,Lagopus_leucura,Lagopus_leucura,Lagopus_leucura,Lagopus_leucura,monogamy,biparental,monogamy,NA,361.8,9,ground,microsatellite,no,3,0,Weak,Mono,NA,3,15,3,55
201van den Heuvel2014,Laniarius_atrococcineus,crimson-breasted_shrike,74,18.9,41,29.3,-26.97,21.82,no,microsatellite,"CP,PL",2008,2011,4,September,March,Laniarius_atrococcineus,Laniarius_atrococcineus,Laniarius_atrococcineus,Laniarius_atrococcineus,monogamy,biparental,NA,NA,48.56666667,3,open,microsatellite,no,4,0,Weak,NA,NA,12,29,14,60
436Yamagishi1992,Lanius_bucephalus,bull-headed_shrike,99,10.1,24,16.7,34.57,135.53,no,DNA_fingerprinting,CP,1989,1989,1,March,June,Lanius_bucephalus,Lanius_bucephalus,Lanius_bucephalus,Lanius_bucephalus,monogamy,biparental,monogamy,NA,42.35,7,open,DNA_fingerprinting,no,1,0,Strong,Mono,NA,4,20,10,89
291Etterson2004,Lanius_ludovicianus,loggerhead_shrike,179,4.5,36,13.9,34,-98,no,microsatellite,CP,1998,1999,2,March,July,Lanius_ludovicianus,Lanius_ludovicianus,Lanius_ludovicianus,Lanius_ludovicianus,monogamy,biparental,monogamy,NA,47.2,9,open,microsatellite,no,2,0,Strong,Mono,NA,5,31,8,171
167Valera2003,Lanius_minor,lesser_gray_shrike,136,0,36,0,48.58,19.3,no,DNA_fingerprinting,CP,1996,1997,2,April,July,Lanius_minor,Lanius_minor,Lanius_minor,Lanius_minor,monogamy,biparental,monogamy,NA,48.1,7,open,DNA_fingerprinting,no,2,0,Strong,Mono,NA,0,36,0,136
295Bukacińska1998,Larus_canus,common_gull,55,3.6,24,8.3,51.67,21.58,no,DNA_fingerprinting,HC,1996,1997,2,April,July,Larus_canus,Larus_canus,Larus_canus,Larus_canus,monogamy,biparental,monogamy,NA,431.3333333,5,open,DNA_fingerprinting,no,2,1,Strong,Mono,NA,2,22,2,53
279Gilbert1998,Larus_occidentalis,western_gull,33,0,22,0,37.7,-123,no,DNA_fingerprinting,NA,1994,1995,2,April,July,Larus_occidentalis,Larus_occidentalis,Larus_occidentalis,Larus_occidentalis,monogamy,biparental,NA,NA,957.5,5,NA,DNA_fingerprinting,no,2,0,Weak,NA,NA,0,22,0,33
388Ležalová-Piálková2011,Larus_ridibundus,black-headed_gull,79,20.3,30,33.3,48.92,17.08,no,microsatellite,SC,2004,2004,1,April,May,Larus_ridibundus,Larus_ridibundus,Chroicocephalus_ridibundus,Chroicocephalus_ridibundus,monogamy,biparental,monogamy,NA,261,3,ground,microsatellite,no,1,1,Weak,Mono,NA,10,20,16,63
221Ewen2008,Lichenostomus_chrysops,yellow-faced_honeyeater,18,44.4,NA,NA,-37.68,145.52,no,microsatellite,CP,1997,2000,4,September,February,Lichenostomus_chrysops,Lichenostomus_chrysops,Caligavis_chrysops,Caligavis_chrysops,monogamy,biparental,NA,NA,16.36666667,3,open,microsatellite,no,4,0,Strong,NA,NA,NA,NA,8,10
225Neto2010,Locustella_luscinioides,Savi’s_warbler,392,4.1,102,5.9,40.63,-8.68,no,microsatellite,CP,2002,2008,7,March,July,Locustella_luscinioides,Locustella_luscinioides,Locustella_luscinioides,Locustella_luscinioides,monogamy,biparental,monogamy,NA,16.1,6,open,microsatellite,no,7,0,Strong,Mono,NA,6,96,16,376
344Kleven2008,Loxia_curvirostra,common_crossbill,96,0,34,0,59.5,11.33,no,microsatellite,CP,1994,2007,14,January,April,Loxia_curvirostra,Loxia_curvirostra,Loxia_curvirostra,Loxia_curvirostra,monogamy,biparental,monogamy,NA,33.825,4,open,microsatellite,no,14,0,Weak,Mono,NA,0,34,0,96
379Fleischer1994,Loxioides_bailleui,palila,20,0,12,0,19.82,-155.47,no,DNA_fingerprinting,CP,1993,1994,2,NA,NA,Loxioides_bailleui,Loxioides_bailleui,Loxioides_bailleui,Loxioides_bailleui,monogamy,cooperation,NA,NA,37.425,3,open,DNA_fingerprinting,no,2,0,Weak,NA,NA,0,12,0,20
78Landgraf2017,Luscinia_megarhynchos,common_nightingale,121,21.5,28,46.4,52.4,12.97,no,microsatellite,"CP,DM",2009,2012,4,May,July,Luscinia_megarhynchos,Luscinia_megarhynchos,Luscinia_megarhynchos,Luscinia_megarhynchos,monogamy,biparental,monogamy,NA,25.5,5,ground,microsatellite,no,4,0,Strong,Mono,NA,13,15,26,95
17Johnsen2003,Luscinia_svecica,bluethroat,1568,26.3,245,47.8,62.42,8.87,no,DNA_fingerprinting/microsatellite,CP,1991,2000,10,May,July,Luscinia_svecica,Luscinia_svecica,Luscinia_svecica,Luscinia_svecica,monogamy,biparental,mixed,NA,18.01666667,7,open,mixed_other,no,10,0,Strong,Mono,Poly,117,128,412,1156
17Johnsen2012,Luscinia_svecica,bluethroat,183,25.7,33,54.5,62.42,8.87,NA,microsatellite,CP,NA,NA,#VALUE!,May,July,Luscinia_svecica,Luscinia_svecica,Luscinia_svecica,Luscinia_svecica,monogamy,biparental,mixed,NA,18.01666667,7,open,microsatellite,NA,NA,0,Strong,Mono,Poly,18,15,47,136
429 Questiau1999,Luscinia_svecica,bluethroat,162,42,36,63.9,27.33,-2.42,no,other,CP,1995,1996,2,NA,NA,Luscinia_svecica,Luscinia_svecica,Luscinia_svecica,Luscinia_svecica,monogamy,biparental,mixed,NA,18.01666667,7,open,mixed_other,no,2,0,Strong,Mono,Poly,23,13,68,94
411Lawless1997,Megascops_asio,eastern_screech-owl,80,0,23,0,37.62,-84.12,yes,DNA_fingerprinting,"CV,O",1994,1994,1,March,June,Megascops_asio,Megascops_asio,Megascops_asio,Megascops_asio,monogamy,biparental,monogamy,NA,190.75,5,cavity,DNA_fingerprinting,yes,1,0,Weak,Mono,NA,0,23,0,80
49Olsen2008,Melospiza_georgiana,swamp_sparrow,149,20.8,59,44.1,39.6,-79.3,no,microsatellite,CP,2002,2005,4,May,August,Melospiza_georgiana,Melospiza_georgiana,Melospiza_georgiana,Melospiza_georgiana,monogamy,biparental,monogamy,NA,17.3,6,open,microsatellite,no,4,0,Strong,Mono,NA,26,33,31,118
49Olsen2008,Melospiza_georgiana,swamp_sparrow,201,20.9,54,38.9,39.3,-75.5,no,microsatellite,CP,2004,2005,2,May,August,Melospiza_georgiana,Melospiza_georgiana,Melospiza_georgiana,Melospiza_georgiana,monogamy,biparental,monogamy,NA,17.3,6,open,microsatellite,no,2,0,Strong,Mono,NA,21,33,42,159
66Hill2011,Melospiza_melodia,song_sparrow,191,23.6,72,36.1,47.65,-122.03,no,microsatellite,CP,1996,1998,3,March,August,Melospiza_melodia,Melospiza_melodia,Melospiza_melodia,Melospiza_melodia,monogamy,biparental,mixed,NA,25.46666667,6,open,microsatellite,no,3,0,Weak,Mono,Poly,26,46,45,146
132Major2004,Melospiza_melodia,song_sparrow,38,10.5,10,30,44.75,-63.68,no,microsatellite,CP,2000,2000,1,April,July,Melospiza_melodia,Melospiza_melodia,Melospiza_melodia,Melospiza_melodia,monogamy,biparental,mixed,NA,25.46666667,6,open,microsatellite,no,1,0,Weak,Mono,Poly,3,7,4,34
239Reid2014,Melospiza_melodia,song_sparrow,2667,28.2,NA,NA,48.63,-123.02,no,microsatellite,CP,1993,2011,19,March,August,Melospiza_melodia,Melospiza_melodia,Melospiza_melodia,Melospiza_melodia,monogamy,biparental,mixed,NA,25.46666667,6,open,microsatellite,no,19,0,Weak,Mono,Poly,NA,NA,752,1915
204Hartley1993,Miliaria_calandra,corn_bunting,44,4.5,15,6.7,57.62,-7.5,no,DNA_fingerprinting,CP,1989,1990,2,May,August,Miliaria_calandra,Miliaria_calandra,Emberiza_calandra,Emberiza_calandra,monogamy,biparental,mixed,NA,49.33333333,7,open,DNA_fingerprinting,no,2,0,Weak,Mono,Poly,1,14,2,42
74Miño2011b,Mycteria_americana,wood_stork,58,0,29,0,NA,NA,no,microsatellite,NA,2006,2008,3,NA,NA,Mycteria_americana,Mycteria_americana,Mycteria_americana,Mycteria_americana,monogamy,biparental,monogamy,NA,2655,5,NA,microsatellite,no,3,1,Weak,Mono,NA,0,29,0,58
11Silvia2010,Myiopsitta_monachus,monk_parakeet,58,0,52,0,27,-81,no,microsatellite,DM,NA,NA,#VALUE!,May,June,Myiopsitta_monachus,Myiopsitta_monachus,Myiopsitta_monachus,Myiopsitta_monachus,monogamy,pair,monogamy,no,114.3333333,7,ground,microsatellite,no,NA,1,Weak,Mono,NA,0,52,0,58
11Silvia2010,Myiopsitta_monachus,monk_parakeet,27,0,14,0,41,-72,no,microsatellite,DM,NA,NA,#VALUE!,NA,NA,Myiopsitta_monachus,Myiopsitta_monachus,Myiopsitta_monachus,Myiopsitta_monachus,monogamy,pair,monogamy,no,114.3333333,7,ground,microsatellite,no,NA,1,Weak,Mono,NA,0,14,0,27
396Zilberman1999,Nectarinia_osea,orange-tufted_sunbird,88,22.7,47,36.2,32.08,34.78,no,DNA_fingerprinting,PN,1989,1990,2,NA,NA,Nectarinia_osea,Nectarinia_osea,Cinnyris_osea,Cinnyris_osea,monogamy,biparental,mixed,no,7.2,3,other_enclosed,DNA_fingerprinting,no,2,0,Weak,Mono,Poly,17,30,20,68
351Brekke2013,notiomystis_cincta,New_Zealand_hihi,1538,68,485,88.9,-36.6,174.88,yes,microsatellite,CP,2004,2011,8,September,February,notiomystis_cincta,Notiomystis_cincta,Notiomystis_cincta,Notiomystis_cincta,monogamy,nk_cooperation,NA,NA,63,5,open,microsatellite,yes,8,0,Weak,NA,NA,431,54,1046,492
193Castro2004,notiomystis_cincta,New_Zealand_hihi,188,47.3,61,82,-38.08,176.28,yes,DNA_fingerprinting,CP,1994,1998,5,October,March,notiomystis_cincta,Notiomystis_cincta,Notiomystis_cincta,Notiomystis_cincta,monogamy,nk_cooperation,NA,NA,63,5,open,DNA_fingerprinting,yes,5,0,Weak,NA,NA,50,11,89,99
220Ewen1999,notiomystis_cincta,New_Zealand_hihi,34,35.3,10,80,-36.6,174.88,yes,DNA_fingerprinting,CP,1995,1997,3,October,February,notiomystis_cincta,Notiomystis_cincta,Notiomystis_cincta,Notiomystis_cincta,monogamy,nk_cooperation,NA,NA,63,5,open,DNA_fingerprinting,yes,3,0,Weak,NA,NA,8,2,12,22
372Quillfeldt2001,Oceanites_oceanicus,Wilson’s_storm-petrel,63,0,63,0,-51.72,-61.29,no,DNA_fingerprinting,"BU,CR",1995,1998,4,December,February,Oceanites_oceanicus,Oceanites_oceanicus,Oceanites_oceanicus,Oceanites_oceanicus,monogamy,biparental,monogamy,no,37.5,1,cavity,DNA_fingerprinting,no,4,1,Strong,Mono,NA,0,63,0,63
376Mauck1995,Oceanodroma_leucorhoa,Leach’s_storm-petrel,42,0,42,0,44.58,-66.75,no,DNA_fingerprinting,"BU,CR",1991,1992,2,June,September,Oceanodroma_leucorhoa,Oceanodroma_leucorhoa,Hydrobates_leucorhous,Hydrobates_leucorhous,monogamy,biparental,monogamy,no,42.58333333,1,cavity,DNA_fingerprinting,no,2,1,Strong,Mono,NA,0,42,0,42
137Currie1998,Oenanthe_oenanthe,Northern_wheatear,73,11,17,29.4,52.77,-4.78,no,DNA_fingerprinting,"CP,CV,CR,BU",1991,1991,1,March,June,Oenanthe_oenanthe,Oenanthe_oenanthe,Oenanthe_oenanthe,Oenanthe_oenanthe,monogamy,biparental,monogamy,NA,26.68333333,7,cavity,DNA_fingerprinting,no,1,0,Strong,Mono,NA,5,12,8,65
119Currie1999,Oenanthe_oenanthe,Northern_wheatear,62,3.2,10,10,52.77,-4.78,no,DNA_fingerprinting,"CP,CV,CR,BU",1992,1993,2,April,June,Oenanthe_oenanthe,Oenanthe_oenanthe,Oenanthe_oenanthe,Oenanthe_oenanthe,monogamy,biparental,monogamy,NA,26.68333333,7,cavity,DNA_fingerprinting,no,2,0,Strong,Mono,NA,1,9,2,60
131Kudernatsch2010,Oenanthe_oenanthe,Northern_wheatear,132,25.8,28,46.4,49.5,8.17,no,microsatellite,"CP,CV,CR,BU",2005,2006,2,April,September,Oenanthe_oenanthe,Oenanthe_oenanthe,Oenanthe_oenanthe,Oenanthe_oenanthe,monogamy,biparental,monogamy,NA,26.68333333,7,cavity,microsatellite,no,2,0,Strong,Mono,NA,13,15,34,98
480Hsu2006,Otus_elegans,elegant_scops-owl,200,0.5,108,0.9,22,121.08,both,microsatellite,CV,1999,2004,6,January,April,Otus_elegans,Otus_elegans,Otus_elegans,Otus_elegans,monogamy,biparental,NA,NA,103,5,cavity,microsatellite,NA,6,0,Weak,NA,NA,1,107,1,199
135Arsenault2002,Otus_flammeolus,flammulated_owl,37,0,17,0,34.5,-108,no,DNA_fingerprinting,"CV,O",1996,1998,3,May,June,Otus_flammeolus,Otus_flammeolus,Psiloscops_flammeolus,Psiloscops_flammeolus,monogamy,biparental,monogamy,NA,63.65,4,cavity,DNA_fingerprinting,no,3,0,Strong,Mono,NA,0,17,0,37
469 van Dongen2009,Pachycephala_pectoralis,golden_whistlers,130,19.2,65,23.1,-37.52,145.53,no,microsatellite,CP,2001,2004,4,September,February,Pachycephala_pectoralis,Pachycephala_pectoralis,Pachycephala_pectoralis,Pachycephala_pectoralis,monogamy,biparental,monogamy,NA,29.9,3,open,microsatellite,no,4,0,Weak,Mono,NA,15,50,25,105
371Quillfeldt2012,Pachyptila_belcheri,thin-billed_prion,34,20.6,34,20.6,-51.72,-61.28,no,microsatellite,BU,2006,2007,2,December,January,Pachyptila_belcheri,Pachyptila_belcheri,Pachyptila_belcheri,Pachyptila_belcheri,monogamy,biparental,monogamy,NA,152,1,cavity,microsatellite,no,2,1,Weak,Mono,NA,7,27,7,27
185Hoi1997,Panurus_biarmicus,bearded_tit,187,14.4,44,29.5,47.93,16.75,no,DNA_fingerprinting,CP,1993,1994,2,March,June,Panurus_biarmicus,Panurus_biarmicus,Panurus_biarmicus,Panurus_biarmicus,monogamy,cooperation,monogamy,NA,15.9,13,open,DNA_fingerprinting,no,2,0,Weak,Mono,NA,13,31,27,160
239Lee2009,Paradoxornis_webbianus,vinous-throated_parrotbills,246,7.7,50,26,37.53,127.03,no,microsatellite,CP,2005,2006,2,April,August,Paradoxornis_webbianus,Paradoxornis_webbianus,Suthora_webbiana,Suthora_webbiana,monogamy,biparental,monogamy,NA,9.9,7,open,microsatellite,no,2,0,Weak,Mono,NA,13,37,19,227
463Dietrich2004,Parus_ater,coal_tit,3559,31.4,483,70.8,52.45,7.25,yes,DNA_fingerprinting,"CP,CV",2000,2002,3,April,July,Parus_ater,Parus_ater,Periparus_ater,Periparus_ater,monogamy,biparental,monogamy,NA,8.916666667,13,cavity,DNA_fingerprinting,yes,3,0,Weak,Mono,NA,342,141,1118,2441
444Lubjuhn1999,Parus_ater,coal_tit,158,25.3,20,75,52.33,11,yes,DNA_fingerprinting,"CP,CV",1993,1993,1,April,July,Parus_ater,Parus_ater,Periparus_ater,Periparus_ater,monogamy,biparental,monogamy,NA,8.916666667,13,cavity,DNA_fingerprinting,yes,1,0,Weak,Mono,NA,15,5,40,118
129Mennill2004,Parus_atricapillus,black-capped_chickadee,351,14.8,57,33.3,44.57,-76.32,no,microsatellite,NA,1997,2000,4,April,June,Parus_atricapillus,Parus_atricapillus,Poecile_atricapillus,Poecile_atricapillus,monogamy,biparental,monogamy,NA,11.88,8,NA,microsatellite,no,4,0,Weak,Mono,NA,19,38,52,299
258Otter1998,Parus_atricapillus,black-capped_chickadee,359,8.9,58,29.3,44.57,-76.32,NA,other,NA,1992,1995,4,April,June,Parus_atricapillus,Parus_atricapillus,Poecile_atricapillus,Poecile_atricapillus,monogamy,biparental,monogamy,NA,11.88,8,NA,mixed_other,NA,4,0,Weak,Mono,NA,17,41,32,327
4Charmantier2003,Parus_caeruleus,blue_tit,288,25.3,50,68,42.52,8.77,yes,microsatellite,"CV,O",2000,2001,2,May,June,Parus_caeruleus,Parus_caeruleus,Cyanistes_caeruleus,Cyanistes_caeruleus,monogamy,biparental,mixed,no,11.38333333,13,cavity,microsatellite,yes,2,0,Weak,Mono,Poly,34,16,73,215
4Charmantier2003,Parus_caeruleus,blue_tit,427,14.05,50,46,43.66,3.67,yes,microsatellite,"CV,O",2000,2001,2,April,June,Parus_caeruleus,Parus_caeruleus,Cyanistes_caeruleus,Cyanistes_caeruleus,monogamy,biparental,mixed,no,11.38333333,13,cavity,microsatellite,yes,2,0,Weak,Mono,Poly,23,27,60,367
5Charmantier2004,Parus_caeruleus,blue_tit,839,16.1,97,69.1,43.67,3.67,yes,microsatellite,"CV,O",2000,2002,3,April,June,Parus_caeruleus,Parus_caeruleus,Cyanistes_caeruleus,Cyanistes_caeruleus,monogamy,biparental,mixed,no,11.38333333,13,cavity,microsatellite,yes,3,0,Weak,Mono,Poly,67,30,135,704
5Charmantier2004,Parus_caeruleus,blue_tit,205,18,30,50,42.55,8.92,yes,microsatellite,"CV,O",2000,2002,3,April,June,Parus_caeruleus,Parus_caeruleus,Cyanistes_caeruleus,Cyanistes_caeruleus,monogamy,biparental,mixed,no,11.38333333,13,cavity,microsatellite,yes,3,0,Weak,Mono,Poly,15,15,37,168
40de Jong2017,Parus_caeruleus,blue_tit,NA,NA,84,27.4,53.13,6.58,yes,microsatellite,"CV,O",2010,2011,2,March,June,Parus_caeruleus,Parus_caeruleus,Cyanistes_caeruleus,Cyanistes_caeruleus,monogamy,biparental,mixed,no,11.38333333,13,cavity,microsatellite,yes,2,0,Weak,Mono,Poly,23,61,NA,NA
9Dreiss2006,Parus_caeruleus,blue_tit,850,13.8,84,48.8,48.28,4.28,yes,microsatellite,"CV,O",2002,2003,2,April,June,Parus_caeruleus,Parus_caeruleus,Cyanistes_caeruleus,Cyanistes_caeruleus,monogamy,biparental,mixed,no,11.38333333,13,cavity,microsatellite,yes,2,0,Weak,Mono,Poly,41,43,117,733
246Foerster2003,Parus_caeruleus,blue_tit,2452,15.7,248,NA,48.22,16.33,yes,microsatellite,"CV,O",1998,2001,4,April,June,Parus_caeruleus,Parus_caeruleus,Cyanistes_caeruleus,Cyanistes_caeruleus,monogamy,biparental,mixed,no,11.38333333,13,cavity,microsatellite,yes,4,0,Weak,Mono,Poly,NA,NA,385,2067
14Gullberg1992,Parus_caeruleus,blue_tit,51,5.9,7,28.6,59.83,17.63,yes,DNA_fingerprinting,"CV,O",1988,1988,1,April,June,Parus_caeruleus,Parus_caeruleus,Cyanistes_caeruleus,Cyanistes_caeruleus,monogamy,biparental,mixed,no,11.38333333,13,cavity,DNA_fingerprinting,yes,1,0,Weak,Mono,Poly,2,5,3,48
276Johannessen2005,Parus_caeruleus,blue_tit,88,6.8,14,28.6,59.93,10.55,yes,microsatellite,"CV,O",1999,2003,5,April,June,Parus_caeruleus,Parus_caeruleus,Cyanistes_caeruleus,Cyanistes_caeruleus,monogamy,biparental,mixed,no,11.38333333,13,cavity,microsatellite,yes,5,0,Weak,Mono,Poly,4,10,6,82
50Kempenaers1997,Parus_caeruleus,blue_tit,1443,12.5,165,41.8,51.25,4.47,yes,DNA_fingerprinting,"CV,O",1990,1993,4,March,June,Parus_caeruleus,Parus_caeruleus,Cyanistes_caeruleus,Cyanistes_caeruleus,monogamy,biparental,mixed,no,11.38333333,13,cavity,DNA_fingerprinting,yes,4,0,Weak,Mono,Poly,69,96,180,1263
76Krokene1998,Parus_caeruleus,blue_tit,466,6.7,47,36.2,58.87,9.6,yes,DNA_fingerprinting,"CV,O",1992,1996,5,April,July,Parus_caeruleus,Parus_caeruleus,Cyanistes_caeruleus,Cyanistes_caeruleus,monogamy,biparental,mixed,no,11.38333333,13,cavity,DNA_fingerprinting,yes,5,0,Weak,Mono,Poly,17,30,31,435
125Leech2001,Parus_caeruleus,blue_tit,986,11.7,103,39.8,54.05,-2.8,yes,microsatellite,"CV,O",1997,1999,3,April,June,Parus_caeruleus,Parus_caeruleus,Cyanistes_caeruleus,Cyanistes_caeruleus,monogamy,biparental,mixed,no,11.38333333,13,cavity,microsatellite,yes,3,0,Weak,Mono,Poly,41,62,115,871
308 Magrath2009,Parus_caeruleus,blue_tit,1176,12.8,122,46.7,53.13,6.58,yes,microsatellite,"CV,O",2006,2007,2,March,June,Parus_caeruleus,Parus_caeruleus,Cyanistes_caeruleus,Cyanistes_caeruleus,monogamy,biparental,mixed,no,11.38333333,13,cavity,microsatellite,yes,2,0,Weak,Mono,Poly,57,65,151,1025
287Schlicht2015,Parus_caeruleus,blue_tit,NA,NA,396,46,48.13,10.88,yes,microsatellite,"CV,O",2007,2011,5,March,June,Parus_caeruleus,Parus_caeruleus,Cyanistes_caeruleus,Cyanistes_caeruleus,monogamy,biparental,mixed,no,11.38333333,13,cavity,microsatellite,yes,5,0,Weak,Mono,Poly,182,214,NA,NA
286Schlicht2012,Parus_caeruleus,blue_tit,635,11.3,NA,NA,48.13,10.88,yes,microsatellite,"CV,O",NA,NA,#VALUE!,March,June,Parus_caeruleus,Parus_caeruleus,Cyanistes_caeruleus,Cyanistes_caeruleus,monogamy,biparental,mixed,no,11.38333333,13,cavity,microsatellite,yes,NA,0,Weak,Mono,Poly,NA,NA,72,563
287Schlicht2015,Parus_caeruleus,blue_tit,NA,NA,561,57,48.22,16.33,yes,microsatellite,"CV,O",2007,2011,5,March,June,Parus_caeruleus,Parus_caeruleus,Cyanistes_caeruleus,Cyanistes_caeruleus,monogamy,biparental,mixed,no,11.38333333,13,cavity,microsatellite,yes,5,0,Weak,Mono,Poly,320,241,NA,NA
350Vedder2010,Parus_caeruleus,blue_tit,NA,NA,36,55.6,53.13,6.58,yes,microsatellite,"CV,O",2008,2008,1,April,June,Parus_caeruleus,Parus_caeruleus,Cyanistes_caeruleus,Cyanistes_caeruleus,monogamy,biparental,mixed,no,11.38333333,13,cavity,microsatellite,yes,1,0,Weak,Mono,Poly,20,16,NA,NA
282Lens1997,Parus_cristatus,crested_tit,136,11,20,30,51.48,4.93,no,DNA_fingerprinting,CP,1992,1993,2,May,July,Parus_cristatus,Parus_cristatus,Lophophanes_cristatus,Lophophanes_cristatus,monogamy,biparental,monogamy,NA,11.81666667,11,open,DNA_fingerprinting,no,2,0,Weak,Mono,NA,6,14,15,121
477Araya-Ajoy2016,Parus_major,great_tit,6441,9.6,862,NA,47.97,11.23,yes,NA,CV,2010,2014,5,April,June,Parus_major,Parus_major,Parus_major,Parus_major,monogamy,biparental,monogamy,no,18.36666667,18,cavity,NA,yes,5,0,Weak,Mono,NA,NA,NA,618,5823
462Bókony2017,Parus_major,great_tit,445,6.3,47,31.9,47.08,17.83,yes,microsatellite,CV,2012,2013,2,April,June,Parus_major,Parus_major,Parus_major,Parus_major,monogamy,biparental,monogamy,no,18.36666667,18,cavity,microsatellite,yes,2,0,Weak,Mono,NA,15,32,28,417
466García-Navas2015,Parus_major,great_tit,304,20.4,47,55.3,39.55,-4.33,yes,microsatellite,CV,2012,2012,1,April,June,Parus_major,Parus_major,Parus_major,Parus_major,monogamy,biparental,monogamy,no,18.36666667,18,cavity,microsatellite,yes,1,0,Weak,Mono,NA,26,21,62,242
14Gullberg1992,Parus_major,great_tit,47,14.9,10,50,59.83,17.67,yes,DNA_fingerprinting,CV,1998,1998,1,April,June,Parus_major,Parus_major,Parus_major,Parus_major,monogamy,biparental,monogamy,no,18.36666667,18,cavity,DNA_fingerprinting,yes,1,0,Weak,Mono,NA,5,5,7,40
276Johannessen2005,Parus_major,great_tit,82,8.5,13,30.8,59.93,10.55,yes,microsatellite,CV,1999,2003,5,April,June,Parus_major,Parus_major,Parus_major,Parus_major,monogamy,biparental,monogamy,no,18.36666667,18,cavity,microsatellite,yes,5,0,Weak,Mono,NA,4,9,7,75
256Kawano2009,Parus_minor,Japanese_tit,229,16.6,32,53.1,33.52,130.03,yes,microsatellite,CV,1999,2000,2,March,July,Parus_major,Parus_major,Parus_major,Parus_major,monogamy,biparental,monogamy,no,18.36666667,18,cavity,microsatellite,yes,2,0,Weak,Mono,NA,17,15,38,191
76Krokene1998,Parus_major,great_tit,408,8.1,55,27.3,58.87,9.6,yes,DNA_fingerprinting,CV,1992,1995,4,April,July,Parus_major,Parus_major,Parus_major,Parus_major,monogamy,biparental,monogamy,no,18.36666667,18,cavity,DNA_fingerprinting,yes,4,0,Weak,Mono,NA,15,40,33,375
445Lubjuhn2007,Parus_major,great_tit,2013,7.5,265,34,52.37,11.02,yes,DNA_fingerprinting,CV,1993,1993,1,April,June,Parus_major,Parus_major,Parus_major,Parus_major,monogamy,biparental,monogamy,no,18.36666667,18,cavity,DNA_fingerprinting,yes,1,0,Weak,Mono,NA,90,175,151,1862
240Otter2001,Parus_major,great_tit,192,9.9,23,39.1,55.67,12.57,yes,microsatellite,CV,1998,1998,1,April,June,Parus_major,Parus_major,Parus_major,Parus_major,monogamy,biparental,monogamy,no,18.36666667,18,cavity,microsatellite,yes,1,0,Weak,Mono,NA,9,14,19,173
407Patrick2012,Parus_major,great_tit,1185,12.7,164,48.8,51.77,-1.13,yes,microsatellite,CV,NA,NA,#VALUE!,April,July,Parus_major,Parus_major,Parus_major,Parus_major,monogamy,biparental,monogamy,no,18.36666667,18,cavity,microsatellite,yes,NA,0,Weak,Mono,NA,80,84,150,1035
433Strohbach1998,Parus_major,great_tit,681,8.5,78,39.7,51.42,7.65,yes,DNA_fingerprinting,CV,1993,1994,2,March,June,Parus_major,Parus_major,Parus_major,Parus_major,monogamy,biparental,monogamy,no,18.36666667,18,cavity,DNA_fingerprinting,yes,2,0,Weak,Mono,NA,31,47,58,623
265Oers2008,Parus_major,great_tit,667,6.4,99,25.3,52,5.83,yes,microsatellite,CV,2003,2004,2,April,June,Parus_major,Parus_major,Parus_major,Parus_major,monogamy,biparental,monogamy,no,18.36666667,18,cavity,microsatellite,yes,2,0,Weak,Mono,NA,25,74,43,624
343Verboven1997,Parus_major,great_tit,516,3.5,82,8.5,53.3,5.07,yes,DNA_fingerprinting,CV,1993,1994,2,April,June,Parus_major,Parus_major,Parus_major,Parus_major,monogamy,biparental,monogamy,no,18.36666667,18,cavity,DNA_fingerprinting,yes,2,0,Weak,Mono,NA,7,75,18,498
474Winkel2001,Parus_major,great_tit,34,2.9,4,25,52.15,10.32,yes,DNA_fingerprinting,CV,1998,1998,1,April,June,Parus_major,Parus_major,Parus_major,Parus_major,monogamy,biparental,monogamy,no,18.36666667,18,cavity,DNA_fingerprinting,yes,1,0,Weak,Mono,NA,1,3,1,33
458Yuta2016,Parus_minor,Japanese_tit,710,8.7,92,30.4,42.67,141.6,yes,microsatellite,CV,2009,2010,2,May,July,Parus_major,Parus_major,Parus_major,Parus_major,monogamy,biparental,monogamy,no,18.36666667,18,cavity,microsatellite,yes,2,0,Weak,Mono,NA,28,64,62,648
419Lampila2011,Parus_montanus,willow_tit,787,6.7,117,21.4,65,25.5,NA,microsatellite,CV,2001,2003,3,May,June,Parus_montanus,Parus_montanus,Poecile_montanus,Poecile_montanus,monogamy,biparental,mixed,NA,11.46666667,11,cavity,microsatellite,NA,3,0,Weak,Mono,Poly,25,92,53,734
323Orell1997,Parus_montanus,willow_tit,112,0.9,24,4.2,65,25.5,no,DNA_fingerprinting,CV,1991,1992,2,May,June,Parus_montanus,Parus_montanus,Poecile_montanus,Poecile_montanus,monogamy,biparental,mixed,NA,11.46666667,11,cavity,DNA_fingerprinting,no,2,0,Weak,Mono,Poly,1,23,1,111
146Garcia-Del-Rey2012,Parus_teneriffae,african_blue_tit,137,15.3,31,38.7,28.42,16.38,yes,microsatellite,"CV,O",2009,2009,1,April,July,Parus_teneriffae,Parus_teneriffae,Cyanistes_caeruleus,Cyanistes_caeruleus,monogamy,NA,mixed,no,11.38333333,13,cavity,microsatellite,yes,1,0,Weak,Mono,Poly,12,19,21,116
231Yin2014,Parus_varius,varied_tit,251,14.7,40,40,40.02,122.93,yes,microsatellite,NA,2009,2011,3,March,July,Parus_varius,Parus_varius,Sittiparus_varius,Sittiparus_varius,monogamy,biparental,monogamy,NA,17.325,8,NA,microsatellite,yes,3,0,Weak,Mono,NA,16,24,37,214
63Bichet2014,Passer_domesticus,house_sparrow,176,36.9,69,63.8,47.33,-2.87,yes,microsatellite,"CV,SP,CR",2009,2011,3,April,June,Passer_domesticus,Passer_domesticus,Passer_domesticus,Passer_domesticus,monogamy,biparental,monogamy,yes,27.44,8,cavity,microsatellite,yes,3,0,Weak,Mono,NA,44,25,65,111
357Cordero1999,Passer_domesticus,house_sparrow,53,3.8,17,11.8,53.07,-0.95,yes,DNA_fingerprinting,"CV,SP,CR",1994,1994,1,March,May,Passer_domesticus,Passer_domesticus,Passer_domesticus,Passer_domesticus,monogamy,biparental,monogamy,yes,27.44,8,cavity,DNA_fingerprinting,yes,1,0,Weak,Mono,NA,2,15,2,51
357Cordero1999,Passer_domesticus,house_sparrow,109,10.1,25,28,41.38,2.15,yes,DNA_fingerprinting,"CV,SP,CR",1995,1995,1,April,May,Passer_domesticus,Passer_domesticus,Passer_domesticus,Passer_domesticus,monogamy,biparental,monogamy,yes,27.44,8,cavity,DNA_fingerprinting,yes,1,0,Weak,Mono,NA,7,18,11,98
70Edly-Wright2007,Passer_domesticus,house_sparrow,517,17.2,146,NA,35.2,-97.43,yes,DNA_fingerprinting,"CV,SP,CR",2001,2002,2,March,August,Passer_domesticus,Passer_domesticus,Passer_domesticus,Passer_domesticus,monogamy,biparental,monogamy,yes,27.44,8,cavity,DNA_fingerprinting,yes,2,0,Weak,Mono,NA,NA,NA,89,428
406Griffith1999,Passer_domesticus,house_sparrow,305,1.3,112,3.6,51,-4,yes,microsatellite,"CV,SP,CR",1995,1996,2,April,July,Passer_domesticus,Passer_domesticus,Passer_domesticus,Passer_domesticus,monogamy,biparental,monogamy,yes,27.44,8,cavity,microsatellite,yes,2,0,Weak,Mono,NA,4,108,4,301
406Griffith1999,Passer_domesticus,house_sparrow,185,10.3,56,28.5,35.7,-83.2,yes,microsatellite,"CV,SP,CR",1995,1996,2,March,August,Passer_domesticus,Passer_domesticus,Passer_domesticus,Passer_domesticus,monogamy,biparental,monogamy,yes,27.44,8,cavity,microsatellite,yes,2,0,Weak,Mono,NA,16,40,19,166
481Hsu2015,Passer_domesticus,house_sparrow,3939,17.5,1115,37.9,51,-4,yes,microsatellite,"CV,SP,CR",2000,2011,12,April,August,Passer_domesticus,Passer_domesticus,Passer_domesticus,Passer_domesticus,monogamy,biparental,monogamy,yes,27.44,8,cavity,microsatellite,yes,12,0,Weak,Mono,NA,423,692,689,3250
435Van Wijk2016,Tachycineta_bicolor,tree_swallow,NA,NA,248,83.9,45,-74,yes,microsatellite,CV,2013,2014,2,April,July,Tachycineta_bicolor,Tachycineta_bicolor,Tachycineta_bicolor,Tachycineta_bicolor,monogamy,biparental,mixed,NA,20.875,8,cavity,microsatellite,yes,2,0,Strong,Mono,Poly,208,40,NA,NA
272Whittingham2001,Tachycineta_bicolor,tree_swallow,281,48.8,54,88.9,43.38,-88.02,yes,microsatellite,CV,1997,1998,2,April,July,Tachycineta_bicolor,Tachycineta_bicolor,Tachycineta_bicolor,Tachycineta_bicolor,monogamy,biparental,mixed,NA,20.875,8,cavity,microsatellite,yes,2,0,Strong,Mono,Poly,48,6,137,144
270Whittingham2016,Tachycineta_bicolor,tree_swallow,439,38.5,NA,NA,43.38,-88.02,yes,microsatellite,CV,2008,2009,2,April,June,Tachycineta_bicolor,Tachycineta_bicolor,Tachycineta_bicolor,Tachycineta_bicolor,monogamy,biparental,mixed,NA,20.875,8,cavity,microsatellite,yes,2,0,Strong,Mono,Poly,NA,NA,169,270
464Ferretti2016,Tachycineta_meyeni,chilean_swallow,161,6.8,52,13.5,-54.73,-68.2,yes,microsatellite,CV,2006,2009,4,October,January,Tachycineta_meyeni,Tachycineta_meyeni,Tachycineta_leucopyga,Tachycineta_leucopyga,monogamy,NA,NA,NA,17,6,cavity,microsatellite,yes,4,0,Strong,NA,NA,7,45,11,150
453Birkhead1990,Taeniopygia_guttata,zebra_finch,82,2.4,25,8,-36.15,145.43,no,DNA_fingerprinting,SP,1988,1988,1,August,December,Taeniopygia_guttata,Taeniopygia_guttata,Taeniopygia_guttata,Taeniopygia_guttata,monogamy,biparental,monogamy,NA,12.06,5,other_enclosed,DNA_fingerprinting,no,1,0,Weak,Mono,NA,2,23,2,80
405Griffith2010,Taeniopygia_guttata,zebra_finch,316,1.6,80,5,-31.08,142.7,yes,microsatellite,SP,2005,2007,3,August,December,Taeniopygia_guttata,Taeniopygia_guttata,Taeniopygia_guttata,Taeniopygia_guttata,monogamy,biparental,monogamy,NA,12.06,5,other_enclosed,microsatellite,yes,3,0,Weak,Mono,NA,4,76,5,311
77Abbott2006,Thalassarche_cauta,shy_albatross,29,6.9,23,13,-40.38,144.65,no,microsatellite,M,2001,2002,2,September,September,Thalassarche_cauta,Thalassarche_cauta,Thalassarche_cauta,Thalassarche_cauta,monogamy,biparental,monogamy,NA,4150,1,ground,microsatellite,no,2,1,Weak,Mono,NA,3,20,2,27
447Burg2006,Thalassarche_chrysostoma,grey-headed_albatross,83,7.2,90,6.7,-54,-38,no,microsatellite,M,1998,1999,2,October,October,Thalassarche_chrysostoma,Thalassarche_chrysostoma,Thalassarche_chrysostoma,Thalassarche_chrysostoma,monogamy,biparental,monogamy,NA,3614,1,ground,microsatellite,no,2,1,Weak,Mono,NA,6,84,6,77
447Burg2006,Thalassarche_melanophrys,black-browed_albatross,87,5.7,90,5.6,-54,-38,no,microsatellite,M,1998,1999,2,October,November,Thalassarche_melanophrys,Thalassarche_melanophrys,Thalassarche_melanophris,Thalassarche_melanophris,monogamy,biparental,monogamy,no,3198.333333,1,ground,microsatellite,no,2,1,Weak,Mono,NA,5,85,5,82
421 Lorentsen2000,Thalassoica_antarctica,antarctic_petrel,41,7.3,41,7.3,-71.88,5.17,no,DNA_fingerprinting,NA,1993,1994,2,January,February,Thalassoica_antarctica,Thalassoica_antarctica,Thalassoica_antarctica,Thalassoica_antarctica,monogamy,biparental,monogamy,NA,658.3333333,1,NA,DNA_fingerprinting,no,2,1,Weak,Mono,NA,3,38,3,38
69Tarwater2013,Thamnophilus_atrinucha,black-crowned_antshrike,89,3.4,50,4,9.22,-79.65,no,microsatellite,CP,2003,2008,6,January,September,Thamnophilus_atrinucha,Thamnophilus_atrinucha,Thamnophilus_atrinucha,Thamnophilus_atrinucha,monogamy,biparental,NA,no,23.63333333,2,open,microsatellite,no,6,0,Weak,NA,NA,2,48,3,86
448Haggerty2001,Thryothorus_ludovicianus,carolina_wren,84,0,23,0,34.82,-87.63,yes,DNA_fingerprinting,NA,1996,1997,2,March,August,Thryothorus_ludovicianus,Thryothorus_ludovicianus,Thryothorus_ludovicianus,Thryothorus_ludovicianus,monogamy,biparental,monogamy,NA,19.8,6,NA,DNA_fingerprinting,yes,2,0,Weak,Mono,NA,0,23,0,84
157Cramer2011,Thryothorus_pleurostictus,banded_wren,156,4.5,50,10,10.67,-85.5,yes,SNPs,NA,2002,2005,4,April,August,Thryothorus_pleurostictus,Thryothorus_pleurostictus,Thryophilus_pleurostictus,Thryophilus_pleurostictus,monogamy,biparental,NA,NA,18.2,5,NA,SNPs,yes,4,0,Weak,NA,NA,5,45,7,149
409Douglas2012,Thryothorus_rufalbus,rufous-and-white_wren,158,1.9,51,5.9,10.67,-85.5,no,microsatellite,SP,2003,2010,8,April,July,Thryothorus_rufalbus,Thryothorus_rufalbus,Thryophilus_rufalbus,Thryophilus_rufalbus,monogamy,biparental,NA,NA,26.03333333,4,other_enclosed,microsatellite,no,8,0,Weak,NA,NA,3,48,3,155
327Stanback2002,Tockus_monteiri,monteiro’s_hornbill,135,0,38,0,-22.53,16.97,yes,DNA_fingerprinting,CV,1995,1996,2,December,February,Tockus_monteiri,Tockus_monteiri,Tockus_monteiri,Tockus_monteiri,monogamy,biparental,NA,NA,327.5,8,cavity,DNA_fingerprinting,yes,2,0,Weak,NA,NA,0,38,0,135
149 Bowers2015,Troglodytes_aedon,house_wren,1772,16.4,361,35.2,40.67,-88.88,yes,microsatellite,"CV,O,CR",2004,2006,3,April,August,Troglodytes_aedon,Troglodytes_aedon,Troglodytes_aedon,Troglodytes_aedon,monogamy,biparental,mixed,NA,11.13333333,8,cavity,microsatellite,yes,3,0,Weak,Mono,Poly,127,234,291,1481
24Brylawski2004,Troglodytes_aedon,house_wren,54,1.9,9,11.1,49.38,-88.02,yes,microsatellite,"CV,O,CR",2004,2006,3,April,August,Troglodytes_aedon,Troglodytes_aedon,Troglodytes_aedon,Troglodytes_aedon,monogamy,biparental,mixed,NA,11.13333333,8,cavity,microsatellite,yes,3,0,Weak,Mono,Poly,1,8,1,53
158Cramer2013,Troglodytes_aedon,house_wren,857,13.5,181,37.6,42.52,-76.47,yes,microsatellite,"CV,O,CR",NA,NA,#VALUE!,April,August,Troglodytes_aedon,Troglodytes_aedon,Troglodytes_aedon,Troglodytes_aedon,monogamy,biparental,mixed,NA,11.13333333,8,cavity,microsatellite,yes,NA,0,Weak,Mono,Poly,68,113,116,741
284Johnson2002,Troglodytes_aedon,house_wren,NA,NA,NA,NA,44.68,-106.98,yes,microsatellite,"CV,O,CR",1998,1999,2,April,August,Troglodytes_aedon,Troglodytes_aedon,Troglodytes_aedon,Troglodytes_aedon,monogamy,biparental,mixed,NA,11.13333333,8,cavity,microsatellite,yes,2,0,Weak,Mono,Poly,NA,NA,NA,NA
285Johnson2009,Troglodytes_aedon,house_wren,316,NA,79,36.7,44.67,-105.93,yes,microsatellite,"CV,O,CR",2006,2007,2,April,August,Troglodytes_aedon,Troglodytes_aedon,Troglodytes_aedon,Troglodytes_aedon,monogamy,biparental,mixed,NA,11.13333333,8,cavity,microsatellite,yes,2,0,Weak,Mono,Poly,29,50,NA,NA
253LaBarbera2010,Troglodytes_aedon,house_wren,377,24.9,82,53.7,42.52,-76.47,yes,microsatellite,"CV,O,CR",2004,2008,5,April,August,Troglodytes_aedon,Troglodytes_aedon,Troglodytes_aedon,Troglodytes_aedon,monogamy,biparental,mixed,NA,11.13333333,8,cavity,microsatellite,yes,5,0,Weak,Mono,Poly,44,38,94,283
253LaBarbera2010,Troglodytes_aedon,house_wren,166,15.7,40,32.5,-36.43,-56.94,yes,microsatellite,"CV,O,CR",2003,2004,2,October,January,Troglodytes_aedon,Troglodytes_aedon,Troglodytes_aedon,Troglodytes_aedon,monogamy,biparental,mixed,NA,11.13333333,8,cavity,microsatellite,yes,2,0,Weak,Mono,Poly,13,27,26,140
336Poirier2004,Troglodytes_aedon,house_wren,584,10.1,103,28.2,43.38,-88.02,yes,microsatellite,"CV,O,CR",1998,2000,3,April,August,Troglodytes_aedon,Troglodytes_aedon,Troglodytes_aedon,Troglodytes_aedon,monogamy,biparental,mixed,NA,11.13333333,8,cavity,microsatellite,yes,3,0,Weak,Mono,Poly,29,74,59,525
431Soukup1997,Troglodytes_aedon,house_wren,790,8.4,146,26.7,40.67,-88.88,yes,DNA_fingerprinting,"CV,O,CR",1991,1993,3,May,August,Troglodytes_aedon,Troglodytes_aedon,Troglodytes_aedon,Troglodytes_aedon,monogamy,biparental,mixed,NA,11.13333333,8,cavity,DNA_fingerprinting,yes,3,0,Weak,Mono,Poly,39,107,66,724
217Brommer2007,Troglodytes_troglodytes,Eurasian_wren,153,16.3,29,37.9,53.13,6.58,yes,microsatellite,DM,1999,2002,4,NA,NA,Troglodytes_troglodytes,Troglodytes_troglodytes,Troglodytes_troglodytes,Troglodytes_troglodytes,monogamy,biparental,mixed,NA,9.1,9,ground,microsatellite,yes,4,0,Strong,Mono,Poly,11,18,25,128
62Biagolini2017,Turdus_albicollis,white-necked_thrush,22,18.2,11,36.4,-24.07,-47.97,no,microsatellite,CP,2013,2015,3,September,February,Turdus_albicollis,Turdus_albicollis,Turdus_albicollis,Turdus_albicollis,monogamy,biparental,monogamy,NA,62.25,3,open,microsatellite,no,3,0,Weak,Mono,NA,4,7,4,18
47Stutchbury1998,Turdus_grayi,clay-colored_robin,37,37.8,19,52.6,9.12,-79.7,no,DNA_fingerprinting,CP,1994,1995,2,January,March,Turdus_grayi,Turdus_grayi,Turdus_grayi,Turdus_grayi,monogamy,biparental,monogamy,NA,78.65,4,open,DNA_fingerprinting,no,2,0,Weak,Mono,NA,10,9,14,23
261Rowe2007,Turdus_migratorius,American_robin,187,48.1,64,71.9,40.03,-88.17,no,microsatellite,CP,2003,2004,2,April,July,Turdus_migratorius,Turdus_migratorius,Turdus_migratorius,Turdus_migratorius,monogamy,biparental,monogamy,NA,79.63333333,4,open,microsatellite,no,2,0,Strong,Mono,NA,46,18,90,97
140Roeder2016,Tyrannus_forficatus,scissor-tailed_flycatchers,168,48.8,44,65.9,34.77,-98.48,no,microsatellite,CP,2008,2011,4,April,August,Tyrannus_forficatus,Tyrannus_forficatus,Tyrannus_forficatus,Tyrannus_forficatus,monogamy,biparental,monogamy,NA,41.7,6,open,microsatellite,no,4,0,Strong,Mono,NA,29,15,82,86
1Dolan2000,Tyrannus_tyrannus,Eastern_kingbird,264,47,89,60.7,43,-119,no,microsatellite,CP,2002,2004,3,May,August,Tyrannus_tyrannus,Tyrannus_tyrannus,Tyrannus_tyrannus,Tyrannus_tyrannus,monogamy,NA,monogamy,NA,42.2,5,open,microsatellite,no,3,0,Strong,Mono,NA,54,35,124,140
133Rowe2001,Tyrannus_tyrannus,Eastern_kingbird,64,42.2,20,60,43.3,-74.88,yes,DNA_fingerprinting,CP,1995,1996,2,April,July,Tyrannus_tyrannus,Tyrannus_tyrannus,Tyrannus_tyrannus,Tyrannus_tyrannus,monogamy,NA,monogamy,NA,42.2,5,open,DNA_fingerprinting,yes,2,0,Strong,Mono,NA,12,8,27,37
200Henry2013,Tyto_alba,barn_owl,455,1.3,95,2.1,46.82,6.95,yes,microsatellite,CV,1996,2011,16,April,October,Tyto_alba,Tyto_alba,Tyto_alba,Tyto_alba,monogamy,biparental,mixed,NA,345.6666667,16,cavity,microsatellite,yes,16,0,Weak,Mono,Poly,2,93,6,449
242Berthier2012,Upupa_epops,Eurasian_hoopoe,254,3.9,41,17.1,46.33,7.67,no,microsatellite,CV,2004,2004,1,April,August,Upupa_epops,Upupa_epops,Upupa_epops,Upupa_epops,monogamy,nk_cooperation,monogamy,yes,65.5,12,cavity,microsatellite,no,1,0,Strong,Mono,NA,7,34,10,244
321Martín-Vivaldi2002,Upupa_epops,Eurasian_hoopoe,65,10,20,10,37,-3,no,DNA_fingerprinting,CV,1995,1995,1,February,June,Upupa_epops,Upupa_epops,Upupa_epops,Upupa_epops,monogamy,nk_cooperation,monogamy,yes,65.5,12,cavity,DNA_fingerprinting,no,1,0,Strong,Mono,NA,2,18,6,59
452Birkhead2001,Uria_aalge,common_murres,77,7.8,77,7.8,51.75,-5.28,no,DNA_fingerprinting,NO,1996,1998,3,June,August,Uria_aalge,Uria_aalge,Uria_aalge,Uria_aalge,monogamy,biparental,mixed,NA,984,1,ground,DNA_fingerprinting,no,3,1,Strong,Mono,Poly,6,71,6,71
171Ibarguchi2004,Uria_lomvia,thick-billed_murres,27,7.4,27,7.4,62,-83,no,microsatellite,"NO,SC",1996,1997,2,July,August,Uria_lomvia,Uria_lomvia,Uria_lomvia,Uria_lomvia,monogamy,biparental,monogamy,NA,945.75,1,ground,microsatellite,no,2,1,Strong,Mono,NA,2,25,2,25
418Harper2010,Vermivora_chrysoptera,golden-winged_warbler,62,38.7,17,76.5,44.57,-76.32,no,microsatellite,CP,2005,2005,1,April,July,Vermivora_chrysoptera,Vermivora_chrysoptera,Vermivora_chrysoptera,Vermivora_chrysoptera,monogamy,biparental,mixed,no,9.3,7,open,microsatellite,no,1,0,Strong,Mono,Poly,13,4,24,38
16Campomizzi2012,Vireo_griseus,white-eyed_vireo,102,2,36,5.6,31.4,-97.8,no,microsatellite,PN,2008,2010,3,March,June,Vireo_griseus,Vireo_griseus,Vireo_griseus,Vireo_griseus,monogamy,biparental,monogamy,NA,11.17333333,5,other_enclosed,microsatellite,no,3,0,Strong,Mono,NA,2,34,2,100
161Morton1998,Vireo_olivaceus,red-eyed_vireo,19,57.9,7,57.1,41,-79,no,DNA_fingerprinting,CP,1994,1995,2,April,August,Vireo_olivaceus,Vireo_olivaceus,Vireo_olivaceus,Vireo_olivaceus,monogamy,biparental,monogamy,NA,19.19666667,5,open,DNA_fingerprinting,no,2,0,Strong,Mono,NA,4,3,11,8
161Morton1998,Vireo_solitarius,blue-headed_vireo,37,2.7,16,6.2,41,-79,no,DNA_fingerprinting,CP,1994,1995,2,April,August,Vireo_solitarius,Vireo_solitarius,Vireo_solitarius,Vireo_solitarius,monogamy,biparental,monogamy,NA,16.45,5,open,DNA_fingerprinting,no,2,0,Strong,Mono,NA,1,15,1,36
61Carvalho2006,Volatinia_jacarina,blue-black_grassquits,20,50,11,63.6,-15.95,-47.93,no,microsatellite,CP,1999,2000,2,November,March,Volatinia_jacarina,Volatinia_jacarina,Volatinia_jacarina,Volatinia_jacarina,monogamy,biparental,mixed,no,10,4,open,microsatellite,no,2,0,Weak,Mono,Poly,7,4,10,10
288Manica2016,Volatinia_jacarina,blue-black_grassquits,208,21.2,95,30.5,-15.93,-47.93,no,microsatellite,CP,2008,2011,4,October,February,Volatinia_jacarina,Volatinia_jacarina,Volatinia_jacarina,Volatinia_jacarina,monogamy,biparental,mixed,no,10,4,open,microsatellite,no,4,0,Weak,Mono,Poly,29,66,44,164
48Stutchbury1997,Wilsonia_citrina,hooded_warbler,356,26.7,119,35.3,41,-79,no,DNA_fingerprinting,CP,1991,1995,5,May,August,Wilsonia_citrina,Wilsonia_citrina,Setophaga_citrina,Setophaga_citrina,monogamy,biparental,mixed,NA,10.5,5,open,DNA_fingerprinting,no,5,0,Strong,Mono,Poly,42,77,95,261
316Grunst2017,Zonotrichia_albicollis,white-throated_sparrow,1183,15.4,379,26.6,44.15,-74.78,no,microsatellite,CP,2004,2013,10,April,June,Zonotrichia_albicollis,Zonotrichia_albicollis,Zonotrichia_albicollis,Zonotrichia_albicollis,monogamy,biparental,NA,no,27.48333333,7,open,microsatellite,no,10,0,Strong,NA,NA,101,278,182,1001
153Tuttle2003,Zonotrichia_albicollis,white-throated_sparrow,89,18,32,31.2,44.15,-74.78,no,DNA_fingerprinting,CP,1988,1995,8,April,June,Zonotrichia_albicollis,Zonotrichia_albicollis,Zonotrichia_albicollis,Zonotrichia_albicollis,monogamy,biparental,NA,no,27.48333333,7,open,DNA_fingerprinting,no,8,0,Strong,NA,NA,10,22,16,73
71Eikenaar2013,Zonotrichia_capensis,rufous-collared_sparrow,24,41.7,11,63.6,-0.35,-78.15,no,microsatellite,CP,2006,2007,2,October,January,Zonotrichia_capensis,Zonotrichia_capensis,Zonotrichia_capensis,Zonotrichia_capensis,monogamy,biparental,monogamy,NA,23.78333333,5,open,microsatellite,no,2,0,Weak,Mono,NA,7,4,10,14
71Eikenaar2013,Zonotrichia_capensis,rufous-collared_sparrow,23,52.2,10,60,-0.12,-77.92,no,microsatellite,CP,2009,2009,1,January,December,Zonotrichia_capensis,Zonotrichia_capensis,Zonotrichia_capensis,Zonotrichia_capensis,monogamy,biparental,monogamy,NA,23.78333333,5,open,microsatellite,no,1,0,Weak,Mono,NA,6,4,12,11
164Bonier2007,Zonotrichia_leucophrys,white-crowned_sparrow,68,47.1,28,64.3,48.02,-122.05,no,microsatellite,CP,2005,2005,1,April,August,Zonotrichia_leucophrys,Zonotrichia_leucophrys,Zonotrichia_leucophrys,Zonotrichia_leucophrys,monogamy,biparental,NA,NA,29.86166667,7,open,microsatellite,no,1,0,Strong,NA,NA,18,10,32,36
143MacDougall-Shackleton2002,Zonotrichia_leucophrys,white-crowned_sparrow,342,41.2,96,44.8,38.57,-119.03,no,microsatellite,CP,1997,1999,3,May,August,Zonotrichia_leucophrys,Zonotrichia_leucophrys,Zonotrichia_leucophrys,Zonotrichia_leucophrys,monogamy,biparental,NA,NA,29.86166667,7,open,microsatellite,no,3,0,Strong,NA,NA,43,53,141,201
30Poesel2011,Zonotrichia_leucophrys,white-crowned_sparrow,189,29.1,62,38.7,43.16,-124.41,no,microsatellite,CP,2005,2007,3,March,June,Zonotrichia_leucophrys,Zonotrichia_leucophrys,Zonotrichia_leucophrys,Zonotrichia_leucophrys,monogamy,biparental,NA,NA,29.86166667,7,open,microsatellite,no,3,0,Strong,NA,NA,24,38,55,134
38Robertson2001,Zosterops_lateralis,capricorn_silvereye,122,0,53,0,-23.43,151.9,no,DNA_fingerprinting,CP,1991,1992,2,September,November,Zosterops_lateralis,Zosterops_lateralis,Zosterops_lateralis,Zosterops_lateralis,monogamy,biparental,NA,NA,13.05,4,open,DNA_fingerprinting,no,2,0,Weak,NA,NA,0,53,0,122
263Schulze-Hagen1993,Acrocephalus_melanopogon,moustached_warbler,44,27.3,18,38.9,47.93,16.75,NA,NA,CP,NA,NA,#VALUE!,March,July,Acrocephalus_melanopogon,Acrocephalus_melanopogon,Acrocephalus_melanopogon,Acrocephalus_melanopogon,polyandry,nk_cooperation,mixed,yes,11.4,7,open,NA,NA,NA,0,Strong,Mono,Poly,7,11,12,32
51Leisler2000,Acrocephalus_paludicola,aquatic_warbler,340,39.1,75,76,53.33,22.67,no,microsatellite,CP,1993,1997,5,May,August,Acrocephalus_paludicola,Acrocephalus_paludicola,Acrocephalus_paludicola,Acrocephalus_paludicola,no_social_bond,uniparental,polygamy,NA,13.3,6,open,microsatellite,no,5,0,Strong,NA,Poly,57,18,133,207
263Schulze-Hagen1993,Acrocephalus_paludicola,aquatic_warbler,70,35.7,18,50,53.48,23,no,DNA_fingerprinting,CP,1990,1990,1,May,July,Acrocephalus_paludicola,Acrocephalus_paludicola,Acrocephalus_paludicola,Acrocephalus_paludicola,no_social_bond,uniparental,polygamy,NA,13.3,6,open,DNA_fingerprinting,no,1,0,Strong,NA,Poly,9,9,25,45
138Richardson2001,Acrocephalus_sechellensis,seychelles_warbler,55,38.2,45,40,-4.32,55.65,no,microsatellite,CP,1999,1999,1,May,September,Acrocephalus_sechellensis,Acrocephalus_sechellensis,Acrocephalus_sechellensis,Acrocephalus_sechellensis,cooperative_breeder,cooperation,monogamy,yes,15.9,3,open,microsatellite,no,1,0,Weak,Mono,NA,18,27,21,34
299de L. Brooke1995,Acrocephalus_vaughani_taiti,henderson_reed-warbler,28,7.1,NA,NA,-24.38,-128.32,no,DNA_fingerprinting,CP,1991,1991,1,September,December,Acrocephalus_vaughani,Acrocephalus_vaughani,Acrocephalus_vaughani,Acrocephalus_vaughani,monogamy_polyandry,nk_cooperation,NA,yes,24.5,3,open,DNA_fingerprinting,no,1,0,Weak,NA,NA,NA,NA,2,26
289Oring1992,Actitis_macularius,spotted_sandpiper,34,2.9,9,11.1,47.17,-94.42,no,DNA_fingerprinting,SC,1990,1991,2,May,July,Actitis_macularius,Actitis_macularius,Actitis_macularius,Actitis_macularius,polyandry,uniparental,mixed,NA,45,5,ground,DNA_fingerprinting,no,2,0,Strong,Mono,Poly,1,8,1,33
45Hatchwell2002,Aegithalos_caudatus,long-tailed_tit,372,1.9,48,12.5,53.37,-1.57,no,microsatellite,DM,1994,2000,7,March,June,Aegithalos_caudatus,Aegithalos_caudatus,Aegithalos_caudatus,Aegithalos_caudatus,cooperative_breeder,cooperation,monogamy,yes,8.3,15,ground,microsatellite,no,7,0,Weak,Mono,NA,6,42,7,365
236Li2014,Aegithalos_concinnus,black-throated_tit,383,5.7,64,17.2,31.95,114.25,no,microsatellite,SP,2008,2011,4,January,May,Aegithalos_concinnus,Aegithalos_concinnus,Aegithalos_concinnus,Aegithalos_concinnus,cooperative_breeder,cooperation,NA,yes,6.4,7,other_enclosed,microsatellite,no,4,0,Weak,NA,NA,11,53,22,361
422Birks1997,Alectura_lathami,Australian_brush-turkey,65,27.7,10,NA,-27.85,153.17,no,DNA_fingerprinting,M,1990,1992,3,July,December,Alectura_lathami,Alectura_lathami,Alectura_lathami,Alectura_lathami,no_social_bond,uniparental,polygamy,NA,2390,27,ground,DNA_fingerprinting,no,3,0,Weak,NA,Poly,NA,NA,18,47
67Hill2010,Ammodramus_caudacutus,saltmarsh_sparrow,NA,NA,60,95,41,-72,no,microsatellite,CP,2003,2004,2,May,June,Ammodramus_caudacutus,Ammodramus_caudacutus,Ammospiza_caudacuta,Ammospiza_caudacuta,no_social_bond,biparental,NA,NA,19.325,5,open,microsatellite,no,2,0,Strong,NA,NA,57,3,NA,NA
7Ball 2017,Anthoscopus_minutus,cape_pendulin_tit,42,7.1,13,15.4,-33.68,18.43,no,microsatellite,PN,2002,2007,6,NA,NA,Anthoscopus_minutus,Anthoscopus_minutus,Anthoscopus_minutus,Anthoscopus_minutus,cooperative_breeder,cooperation,monogamy,yes,7.12,8,other_enclosed,microsatellite,no,6,0,Weak,Mono,NA,2,11,3,39
231Quinn1999,Aphelocoma_coerulescens,Florida_scrub-jay,139,0,60,0,27.17,-81.35,no,DNA_fingerprinting,"CP,PL",1989,1992,4,March,June,Aphelocoma_coerulescens,Aphelocoma_coerulescens,Aphelocoma_coerulescens,Aphelocoma_coerulescens,cooperative_breeder,cooperation,monogamy,yes,76.25,6,open,DNA_fingerprinting,no,4,0,Weak,Mono,NA,0,60,0,139
438Li2000,Aphelocoma_ultramarina,Mexican_jay,139,39.6,51,63,31.92,-109.25,no,microsatellite,PL,1991,1996,6,March,June,Aphelocoma_ultramarina,Aphelocoma_ultramarina,Aphelocoma_wollweberi,Aphelocoma_wollweberi,cooperative_breeder,cooperation,mixed,yes,113.075,5,open,microsatellite,no,6,0,Weak,Mono,Poly,32,19,55,84
331Winterbottom2001,Bubalornis_niger,red-billed_buffalo_weaver,55,34.5,25,32,NA,NA,no,DNA_fingerprinting,SP,1994,1996,3,November,April,Bubalornis_niger,Bubalornis_niger,Bubalornis_niger,Bubalornis_niger,polygynandry_cooperative_breeder,nk_cooperation,polygamy,yes,78,4,other_enclosed,DNA_fingerprinting,no,3,1,Weak,NA,Poly,8,17,19,36
219Faaborg 1995,Buteo_galapagoensis,Galapagos_hawk,22,0,10,0,-0.23,-90.7,no,DNA_fingerprinting,NA,1990,1991,2,January,April,Buteo_galapagoensis,Buteo_galapagoensis,Buteo_galapagoensis,Buteo_galapagoensis,polyandry,nk_cooperation,mixed,yes,1195.5,3,NA,DNA_fingerprinting,no,2,0,Weak,Mono,Poly,0,10,0,22
236Briskie1998,Calcarius_pictus,Smith´s_longspur,114,0.9,31,3.2,58.77,-94.15,no,DNA_fingerprinting,CP,1989,1993,5,June,July,Calcarius_pictus,Calcarius_pictus,Calcarius_pictus,Calcarius_pictus,polygynandry,nk_cooperation,mixed,yes,25.425,6,open,DNA_fingerprinting,no,5,0,Strong,Mono,Poly,1,30,1,113
144Berg2005,Calocitta_formosa,white-throated_magpie-jay,105,48.6,26,61.5,10.83,-85.62,no,microsatellite,CP,1999,2002,4,January,July,Calocitta_formosa,Calocitta_formosa,Cyanocorax_formosus,Cyanocorax_formosus,cooperative_breeder,cooperation,NA,yes,208.6333333,4,open,microsatellite,no,4,0,Weak,NA,NA,16,10,51,54
226Haydock1996,Campylorhynchus_griseus,bicolored_wren,222,2.3,99,NA,8.5,-67.6,no,DNA_fingerprinting,DM,1989,1991,3,April,May,Campylorhynchus_griseus,Campylorhynchus_griseus,Campylorhynchus_griseus,Campylorhynchus_griseus,cooperative_breeder,cooperation,NA,yes,41.75,5,ground,DNA_fingerprinting,no,3,0,Weak,NA,NA,NA,NA,5,217
369Rabenold1990,Campylorhynchus_nuchalis,stripe-backed_wren,69,1.4,34,2.9,9.38,-67.7,no,DNA_fingerprinting,DM,1988,1989,2,April,December,Campylorhynchus_nuchalis,Campylorhynchus_nuchalis,Campylorhynchus_nuchalis,Campylorhynchus_nuchalis,cooperative_breeder,cooperation,polygamy,yes,23.3,4,ground,DNA_fingerprinting,no,2,0,Weak,NA,Poly,1,33,1,68
264Semple2001,Centrocercus_urophasianus,greater_sage-grouse,NA,NA,10,20,37.67,-118.83,no,microsatellite,SC,1997,2000,4,March,May,Centrocercus_urophasianus,Centrocercus_urophasianus,Centrocercus_urophasianus,Centrocercus_urophasianus,no_social_bond,uniparental,polygamy,NA,2100,15,ground,microsatellite,no,4,0,Weak,NA,Poly,2,8,NA,NA
250Bird2013,Centrocercus_urophasianus,greater_sage-grouse,NA,NA,191,7.9,49.4,-110.7,no,microsatellite,SC,1999,2006,8,March,June,Centrocercus_urophasianus,Centrocercus_urophasianus,Centrocercus_urophasianus,Centrocercus_urophasianus,no_social_bond,uniparental,polygamy,NA,2100,15,ground,microsatellite,no,8,0,Weak,NA,Poly,15,176,NA,NA
335Langmore2007,Chrysococcyx_basalis,Horsfield’s_bronze-cuckoo,42,0,NA,NA,-35.27,149.15,no,microsatellite,NO,1999,2005,7,September,January,Chrysococcyx_basalis,Chrysococcyx_basalis,Chalcites_basalis,Chalcites_basalis,no_social_bond,broodparasite,NA,no,24.2,NA,ground,microsatellite,no,7,0,Weak,NA,NA,NA,NA,0,42
234Gardner2004,Chthonicola_sagittatus,speckled_warbler,103,10.7,48,12.5,-35.27,149.15,no,DNA_fingerprinting,DM,1997,2000,4,September,January,Chthonicola_sagittatus,Chthonicola_sagittatus,Pyrrholaemus_sagittatus,Pyrrholaemus_sagittatus,polyandry,biparental,polygamy,NA,13.22,4,ground,DNA_fingerprinting,no,4,0,Weak,NA,Poly,6,42,11,92
115Bolopo2017,Clamator_glandarius,great_spotted_cuckoo,NA,NA,19,68.4,42.62,-5.43,no,microsatellite,NO,2009,2010,2,March,June,Clamator_glandarius,Clamator_glandarius,Clamator_glandarius,Clamator_glandarius,no_social_bond,broodparasite,monogamy,NA,145.95,23,ground,microsatellite,no,2,0,Strong,Mono,NA,13,6,NA,NA
115Bolopo2017,Clamator_glandarius,great_spotted_cuckoo,NA,NA,9,88.9,37.3,-3.18,no,microsatellite,NO,2009,2010,2,March,June,Clamator_glandarius,Clamator_glandarius,Clamator_glandarius,Clamator_glandarius,no_social_bond,broodparasite,monogamy,NA,145.95,23,ground,microsatellite,no,2,0,Strong,Mono,NA,8,1,NA,NA
222Martinez 1998,Clamator_glandarius,great_spotted_cuckoo,57,NA,10,20,37.18,-3.05,no,microsatellite,NO,1993,1993,1,March,June,Clamator_glandarius,Clamator_glandarius,Clamator_glandarius,Clamator_glandarius,no_social_bond,broodparasite,monogamy,NA,145.95,23,ground,microsatellite,no,1,0,Strong,Mono,NA,2,8,NA,NA
252Wiebe2009,Colaptes_auratus,northern_flicker,41,2.4,7,14.3,52.87,-123.03,no,microsatellite,CV,2001,2007,7,April,July,Colaptes_auratus,Colaptes_auratus,Colaptes_auratus,Colaptes_auratus,polyandry,biparental,mixed,no,136.1666667,17,cavity,microsatellite,no,7,0,Weak,Mono,Poly,1,6,1,40
387Dias2013,Colaptes_campestris,campo_flicker,90,1.1,33,3,-15.93,-47.92,no,microsatellite,CV,2007,2009,3,August,August,Colaptes_campestris,Colaptes_campestris,Colaptes_campestris,Colaptes_campestris,cooperative_breeder,cooperation,monogamy,yes,159.9833333,5,cavity,microsatellite,no,3,0,Weak,Mono,NA,1,32,1,89
386Heinsohn2000,Corcorax_melanorhamphos,white-winged_chough,68,0,28,0,-35.27,149.15,no,DNA_fingerprinting,CP,1993,1997,5,September,March,Corcorax_melanorhamphos,Corcorax_melanorhamphos,Corcorax_melanorhamphos,Corcorax_melanorhamphos,cooperative_breeder,cooperation,NA,yes,352.5,5,open,DNA_fingerprinting,no,5,0,Weak,NA,NA,0,28,0,68
19Townsend2009,Corvus_brachyrhynchos,American_crow,202,10.4,60,21.7,42.4,-76.5,no,microsatellite,CP,2005,2008,4,February,July,Corvus_brachyrhynchos,Corvus_brachyrhynchos,Corvus_brachyrhynchos,Corvus_brachyrhynchos,cooperative_breeder,cooperation,monogamy,yes,455.9333333,7,open,microsatellite,no,4,0,Weak,Mono,NA,13,47,21,181
461 Baglione2002,Corvus_corone,carrion_crow,NA,NA,19,15.8,42,-5,no,microsatellite,PL,1999,2000,2,March,July,Corvus_corone,Corvus_corone,Corvus_corone,Corvus_corone,monogamy_cooperative_breeder,cooperation,monogamy,yes,527.8333333,5,open,microsatellite,no,2,0,Weak,Mono,NA,3,16,NA,NA
107Riehl2012,Crotophaga_major,greater_ani,357,13.7,53,71.7,9.2,-80,no,microsatellite,PL,2007,2009,3,June,October,Crotophaga_major,Crotophaga_major,Crotophaga_major,Crotophaga_major,polygynandry,nk_cooperation,monogamy,yes,184.625,7,open,microsatellite,no,3,0,Weak,Mono,NA,38,15,49,308
257Marchetti1998,Cuculus_canorus,common_cuckoo,NA,NA,21,14.3,36,138,no,microsatellite,O,1991,1994,4,NA,NA,Cuculus_canorus,Cuculus_canorus,Cuculus_canorus,Cuculus_canorus,no_social_bond,broodparasite,polygamy,NA,116.25,18,open,microsatellite,no,4,0,Strong,NA,Poly,3,18,NA,NA
141Willimas2004,Cyanocorax_morio,brown_jay,113,16.8,37,21.6,10.2,-84.7,no,DNA_fingerprinting,NA,1994,1996,3,February,July,Cyanocorax_morio,Cyanocorax_morio,Cyanocorax_morio,Cyanocorax_morio,cooperative_breeder,cooperation,NA,yes,198.55,8,NA,DNA_fingerprinting,no,3,0,Weak,NA,NA,8,29,19,94
420Legge2000,Dacelo_novaeguineae,laughing_kookaburra,140,0,62,0,-35.48,149.1,no,DNA_fingerprinting,CV,1994,1998,5,September,January,Dacelo_novaeguineae,Dacelo_novaeguineae,Dacelo_novaeguineae,Dacelo_novaeguineae,cooperative_breeder,cooperation,monogamy,yes,325.25,5,cavity,DNA_fingerprinting,no,5,0,Weak,Mono,NA,0,62,0,140
385Heinsohn2007,Eclectus_roratus,eclectus_parrot,198,8.1,99,8.1,-12.75,143.28,no,DNA_fingerprinting,CV,1993,1997,5,September,March,Eclectus_roratus,Eclectus_roratus,Eclectus_roratus,Eclectus_roratus,cooperative_breeder,nk_cooperation,mixed,NA,485,2,cavity,DNA_fingerprinting,no,5,0,Weak,Mono,Poly,8,91,16,182
23Ribeiro2012,Erythropygia_coryphaeus,karoo_scrub-robin,33,18.2,12,33.3,-33.68,18.43,no,microsatellite,CP,2003,2007,5,August,November,Erythropygia_coryphaeus,Erythropygia_coryphaeus,Tychaedon_coryphoeus,Tychaedon_coryphoeus,cooperative_breeder,cooperation,NA,yes,21.4,4,open,microsatellite,no,5,0,Weak,NA,NA,4,8,6,27
179Gibbs1994,Gallinula_mortierii,Tasmanian_native_hen,28,0,6,0,-42.68,148.02,no,DNA_fingerprinting,CP,1989,1989,1,September,December,Gallinula_mortierii,Gallinula_mortierii,Tribonyx_mortierii,Tribonyx_mortierii,polyandry_polygynandry,cooperation,mixed,yes,1292.5,8,open,DNA_fingerprinting,no,1,0,Weak,Mono,Poly,0,6,0,28
324Lima2011,Guira_guira,guira_cuckoo,99,11.1,NA,NA,-15.78,-47.93,no,microsatellite,PL,1997,2001,5,August,March,Guira_guira,Guira_guira,Guira_guira,Guira_guira,monogamy_polyandry_polygynandry,nk_cooperation,NA,yes,141.7333333,8.25,open,microsatellite,no,5,0,Weak,NA,NA,NA,NA,11,88
251Durrant2005,Gymnorhina_tibicen,Australian_magpie,79,44.3,NA,NA,-37.72,144.4,no,microsatellite,HC,2000,2002,3,June,December,Gymnorhina_tibicen,Gymnorhina_tibicen,Gymnorhina_tibicen,Gymnorhina_tibicen,cooperative_breeder,cooperation,NA,yes,294.6666667,5,open,microsatellite,no,3,0,Weak,NA,NA,NA,NA,35,44
238Hughes2003,Gymnorhina_tibicen,Australian_magpie,43,81.4,32,87.5,-31.9,115.98,no,microsatellite,HC,1996,1998,3,July,February,Gymnorhina_tibicen,Gymnorhina_tibicen,Gymnorhina_tibicen,Gymnorhina_tibicen,cooperative_breeder,cooperation,NA,yes,294.6666667,5,open,microsatellite,no,3,0,Weak,NA,NA,28,4,35,8
424Haig2003,Irediparra_gallinacea,comb-crested_jacana,35,2.9,10,10,-19.57,146.78,no,other,NA,1996,1997,2,January,June,Irediparra_gallinacea,Irediparra_gallinacea,Irediparra_gallinacea,Irediparra_gallinacea,polyandry,uniparental,polygamy,NA,113.25,4,NA,mixed_other,no,2,0,Weak,NA,Poly,1,9,1,34
434Emlen1998,Jacana_jacana,wattled_jacana,235,1.3,74,17.9,9.23,-79.5,no,DNA_fingerprinting,PL,1990,1995,6,NA,NA,Jacana_jacana,Jacana_jacana,Jacana_jacana,Jacana_jacana,polyandry,uniparental,polygamy,NA,119.75,4,open,DNA_fingerprinting,no,6,0,Weak,NA,Poly,13,61,3,232
283Weinman2015,Lamprotornis_superbus,superb_starling,NA,NA,208,17.8,0.12,37.87,no,microsatellite/SNPs,NA,2001,2012,12,NA,NA,Lamprotornis_superbus,Lamprotornis_superbus,Lamprotornis_superbus,Lamprotornis_superbus,cooperative_breeder,cooperation,monogamy,yes,68.5,4,NA,mixed_other,no,12,0,Weak,Mono,NA,37,171,NA,NA
277Fornasari1992,Lanius_collurio,red-backed_shrike,19,5.3,6,16.7,46.2,9.4,no,NA,CP,1986,1989,4,May,August,Lanius_collurio,Lanius_collurio,Lanius_collurio,Lanius_collurio,cooperative_breeder,biparental,monogamy,NA,28.66666667,8,open,NA,no,4,1,Strong,Mono,NA,1,5,1,18
290Zeng2016,Lophura_leucomelanos,kalij_pheasant,79,30.4,13,53.8,19.43,-155.3,no,microsatellite,SC,2009,2011,3,April,July,Lophura_leucomelanos,Lophura_leucomelanos,Lophura_leucomelanos,Lophura_leucomelanos,cooperative_breeder,uniparental,mixed,NA,883.5,10,ground,microsatellite,no,3,0,Weak,Mono,Poly,7,6,24,55
399Kingma2013,Malurus_coronatus,purple-crowned_fairy-wren,509,5.7,217,6.9,-17.52,126.1,no,microsatellite,DM,2005,2010,6,July,September,Malurus_coronatus,Malurus_coronatus,Malurus_coronatus,Malurus_coronatus,cooperative_breeder,cooperation,monogamy,yes,11.03333333,3,ground,microsatellite,no,6,0,Weak,Mono,NA,15,202,29,480
118Colombelli-Négrel2009,Malurus_cyaneus,superb_fairy-wren,27,66.7,12,83.3,-35.62,138.03,no,microsatellite,DM,2006,2007,2,August,December,Malurus_cyaneus,Malurus_cyaneus,Malurus_cyaneus,Malurus_cyaneus,cooperative_breeder,cooperation,monogamy,yes,11.33333333,4,ground,microsatellite,no,2,0,Weak,Mono,NA,10,2,18,9
169Bain2014,Malurus_cyaneus,superb_fairy-wren,70,58.6,31,67.7,-38.02,144.4,no,microsatellite,DM,2011,2012,2,September,March,Malurus_cyaneus,Malurus_cyaneus,Malurus_cyaneus,Malurus_cyaneus,cooperative_breeder,cooperation,monogamy,yes,11.33333333,4,ground,microsatellite,no,2,0,Weak,Mono,NA,21,10,41,29
169Bain2014,Malurus_cyaneus,superb_fairy-wren,44,41,17,52.9,-36.78,145.8,no,microsatellite,DM,2011,2012,2,September,March,Malurus_cyaneus,Malurus_cyaneus,Malurus_cyaneus,Malurus_cyaneus,cooperative_breeder,cooperation,monogamy,yes,11.33333333,4,ground,microsatellite,no,2,0,Weak,Mono,NA,9,8,18,26
110Varian-Ramos2012,Malurus_melanocephalus,red-backed_fairy-wren,673,53.8,231,68.4,-17.37,125.75,no,microsatellite,DM,1998,2007,10,October,February,Malurus_melanocephalus,Malurus_melanocephalus,Malurus_melanocephalus,Malurus_melanocephalus,cooperative_breeder,cooperation,monogamy,yes,7.416666667,5,ground,microsatellite,no,10,0,Weak,Mono,NA,158,73,362,311
326Webster2004,Malurus_splendens,splendid_fairy-wren,386,42.2,159,55.3,-34.33,139.03,no,microsatellite,DM,1992,1998,7,October,December,Malurus_splendens,Malurus_splendens,Malurus_splendens,Malurus_splendens,cooperative_breeder,cooperation,NA,yes,9.683333333,4,ground,microsatellite,no,7,0,Weak,NA,NA,88,71,163,223
451Põldmaa1995,Manorina_melanocephala,noisy_miner,85,5.9,35,5.7,-27.33,152.55,no,DNA_fingerprinting,CP,1992,1993,2,July,November,Manorina_melanocephala,Manorina_melanocephala,Manorina_melanocephala,Manorina_melanocephala,cooperative_breeder,cooperation,NA,yes,66.65,4,open,DNA_fingerprinting,no,2,1,Weak,NA,NA,2,33,5,80
112Conrad1998,Manorina_melanophrys,bell_miner,24,4.2,13,7.7,-37.41,145.31,no,DNA_fingerprinting,CP,1993,1994,2,October,February,Manorina_melanophrys,Manorina_melanophrys,Manorina_melanophrys,Manorina_melanophrys,cooperative_breeder,cooperation,monogamy,NA,31.8,3,open,DNA_fingerprinting,no,2,1,Weak,Mono,NA,1,12,1,23
227Haydock2001,Melanerpes_formicivorus,acorn_woodpecker,386,0,123,0,36.37,-121.05,no,DNA_fingerprinting,CV,1974,1999,26,April,June,Melanerpes_formicivorus,Melanerpes_formicivorus,Melanerpes_formicivorus,Melanerpes_formicivorus,cooperative_breeder,cooperation,mixed,yes,78.5,6,cavity,DNA_fingerprinting,no,26,0,Weak,Mono,Poly,0,123,0,386
15Krakauer2008,Meleagris_gallopavo,wild_turkey,250,11.6,31,45.2,36.37,-121.05,no,microsatellite,SC,2001,2003,3,March,May,Meleagris_gallopavo,Meleagris_gallopavo,Meleagris_gallopavo,Meleagris_gallopavo,polyandry,uniparental,polygamy,NA,6550,26,ground,microsatellite,no,3,0,Weak,NA,Poly,14,17,29,221
56Woolfenden2002,Molothrus_ater,brown-headed_cowbird,NA,NA,42,42.9,50.18,-98.38,no,DNA_fingerprinting,NO,1993,1998,6,May,July,Molothrus_ater,Molothrus_ater,Molothrus_ater,Molothrus_ater,no_social_bond,broodparasite,NA,NA,42.75,5,ground,DNA_fingerprinting,no,6,0,Strong,NA,NA,18,24,NA,NA
342Seddon2005,Monias_benschi,subdesert_mesite,17,11.8,NA,NA,-23.07,43.62,no,microsatellite,PL,1997,2000,4,September,January,Monias_benschi,Monias_benschi,Monias_benschi,Monias_benschi,polygynandry_cooperative_breeder,cooperation,mixed,yes,139,2,open,microsatellite,no,4,0,Weak,Mono,Poly,NA,NA,2,15
230Martínez2013,Myiopsitta_monachus,monk_parakeet,NA,NA,33,45.5,-31.67,-62.82,no,microsatellite,DM,2000,2000,1,November,December,Myiopsitta_monachus,Myiopsitta_monachus,Myiopsitta_monachus,Myiopsitta_monachus,monogamy_cooperative_breeder,pair,monogamy,no,114.3333333,7,ground,microsatellite,no,1,1,Weak,Mono,NA,15,18,NA,NA
11Silvia2010,Myiopsitta_monachus,monk_parakeet,34,0,12,0,-31,-59,no,microsatellite,DM,NA,NA,#VALUE!,November,December,Myiopsitta_monachus,Myiopsitta_monachus,Myiopsitta_monachus,Myiopsitta_monachus,cooperative_breeder,pair,monogamy,no,114.3333333,7,ground,microsatellite,no,NA,1,Weak,Mono,NA,0,12,0,34
355Gienapp2010,Perisoreus_infaustus,Siberian_jay,40,0,23,0,62.37,21.5,no,microsatellite,CP,1976,2003,28,July,October,Perisoreus_infaustus,Perisoreus_infaustus,Perisoreus_infaustus,Perisoreus_infaustus,cooperative_breeder,biparental,monogamy,no,86.56666667,5,open,microsatellite,no,28,0,Weak,Mono,NA,0,23,0,40
216Dale1999,Phalaropus_fulicarius,red_phalarope,70,8.6,18,33.3,69.4,81.82,no,DNA_fingerprinting,SC,1993,1993,1,June,July,Phalaropus_fulicarius,Phalaropus_fulicarius,Phalaropus_fulicarius,Phalaropus_fulicarius,polyandry,uniparental,mixed,NA,60.1,4,ground,DNA_fingerprinting,no,1,0,Strong,Mono,Poly,6,12,6,64
381Covas2006,Philetairus_socius,sociable_weaver,56,0,20,0,-28.88,24.89,no,microsatellite,SP,1999,2001,3,September,January,Philetairus_socius,Philetairus_socius,Philetairus_socius,Philetairus_socius,cooperative_breeder,cooperation,monogamy,yes,27.9,6,other_enclosed,microsatellite,no,3,1,Weak,Mono,NA,0,20,0,56
241Thuman2005,Philomachus_pugnax,ruff,NA,NA,66,51.5,57.17,18.33,no,microsatellite,SC,1999,2000,2,May,June,Philomachus_pugnax,Philomachus_pugnax,Calidris_pugnax,Calidris_pugnax,lekking,uniparental,polygamy,NA,156,4,ground,microsatellite,no,2,1,Strong,NA,Poly,34,32,NA,NA
113Lank2002,Philomachus_pugnax,ruff,NA,NA,34,50,60.83,25.33,no,DNA_fingerprinting,SC,1987,1990,4,May,June,Philomachus_pugnax,Philomachus_pugnax,Calidris_pugnax,Calidris_pugnax,lekking,uniparental,polygamy,NA,156,4,ground,DNA_fingerprinting,no,4,1,Strong,NA,Poly,17,17,NA,NA
423Haig1994,Picoides_borealis,red-cockaded_woodpecker,80,1.2,44,2.3,35.52,-79.45,no,DNA_fingerprinting,CV,1990,1992,3,September,November,Picoides_borealis,Picoides_borealis,Leuconotopicus_borealis,Dryobates_borealis,cooperative_breeder,cooperation,NA,yes,47.28333333,5,cavity,DNA_fingerprinting,no,3,1,Weak,NA,NA,1,43,1,79
476Harrison2013,Plocepasser_mahali,white-browed_sparrow_weaver,292,11.6,180,13.9,-27.27,22.42,no,microsatellite,PN,2011,2011,1,October,April,Plocepasser_mahali,Plocepasser_mahali,Plocepasser_mahali,Plocepasser_mahali,cooperative_breeder,cooperation,monogamy,yes,42.85,3,other_enclosed,microsatellite,no,1,1,Weak,Mono,NA,25,155,34,258
75Blackmore2008,Pomatostomus_temporalis,grey-crowned_babbler,112,18.8,60,25,-30.88,14.5,no,microsatellite,DM,2003,2005,3,June,October,Pomatostomus_temporalis,Pomatostomus_temporalis,Pomatostomus_temporalis,Pomatostomus_temporalis,cooperative_breeder,cooperation,monogamy,yes,72.5,6,ground,microsatellite,no,3,0,Weak,Mono,NA,15,45,21,91
197Jamieson1994,Porphyrio_porphyrio,pukeko,73,0,12,0,-45.93,170.25,no,DNA_fingerprinting,"HC,PL",1990,1992,3,NA,NA,Porphyrio_porphyrio,Porphyrio_porphyrio,Porphyrio_porphyrio,Porphyrio_porphyrio,cooperative_breeder,cooperation,monogamy,yes,777.5,7,open,DNA_fingerprinting,no,3,0,Weak,Mono,NA,0,12,0,73
203Hartley1995,Prunella_collaris,Alpine_accentor,110,0,38,0,42.97,1.58,no,DNA_fingerprinting,"CP,CR",1990,1993,4,NA,NA,Prunella_collaris,Prunella_collaris,Prunella_collaris,Prunella_collaris,polyandry,nk_cooperation,polygamy,yes,38.58,4,cavity,DNA_fingerprinting,no,4,0,Weak,NA,Poly,0,38,0,110
280Heer1996,Prunella_collaris,Alpine_accentor,NA,NA,5,60,46.2,7.63,no,other,"CP,CR",1993,1993,1,May,July,Prunella_collaris,Prunella_collaris,Prunella_collaris,Prunella_collaris,polyandry,nk_cooperation,polygamy,yes,38.58,4,cavity,mixed_other,no,1,0,Weak,NA,Poly,3,2,NA,NA
442Burke1989,Prunella_modularis,dunnock,133,0.8,45,2.2,52.18,0.12,no,DNA_fingerprinting,CP,1981,1988,8,NA,NA,Prunella_modularis,Prunella_modularis,Prunella_modularis,Prunella_modularis,monogamy_polyandry_polygynandry,nk_cooperation,mixed,NA,19.9,6,open,DNA_fingerprinting,no,8,0,Weak,Mono,Poly,1,44,1,132
160Santos2015,Prunella_modularis,dunnock,288,17,98,26.5,-45.87,170.5,no,microsatellite,CP,2009,2012,4,July,January,Prunella_modularis,Prunella_modularis,Prunella_modularis,Prunella_modularis,monogamy_polyandry,nk_cooperation,mixed,NA,19.9,6,open,microsatellite,no,4,0,Weak,Mono,Poly,26,72,49,239
226Bruce1996,Psaltriparus_minimus,bushtit,59,0,10,0,31.85,-109.25,no,DNA_fingerprinting,PN,1992,1992,1,March,July,Psaltriparus_minimus,Psaltriparus_minimus,Psaltriparus_minimus,Psaltriparus_minimus,cooperative_breeder,cooperation,mixed,yes,5.2,8,other_enclosed,DNA_fingerprinting,no,1,0,Weak,Mono,Poly,0,10,0,59
275Johannessen2011,Pseudopodoces_humilis,ground_tit,352,0.3,75,1.3,30.48,91.1,no,microsatellite,NA,2005,2006,2,April,September,Pseudopodoces_humilis,Pseudopodoces_humilis,Pseudopodoces_humilis,Pseudopodoces_humilis,cooperative_breeder,cooperation,NA,yes,45.5,6,NA,microsatellite,no,2,0,Weak,NA,NA,1,74,1,351
111Wang2014,Pseudopodoces_humilis,ground_tit,966,12.6,172,32,34.23,102.03,no,microsatellite,NA,2007,2012,6,May,July,Pseudopodoces_humilis,Pseudopodoces_humilis,Pseudopodoces_humilis,Pseudopodoces_humilis,monogamy_cooperative_breeder,cooperation,NA,yes,45.5,6,NA,microsatellite,no,6,0,Weak,NA,NA,55,117,122,844
338 Klauke2013,Pyrrhura_orcesi,el_oro_parakeet,104,1,28,3.6,-3.65,-79.77,yes,microsatellite,NA,2008,2008,1,December,March,Pyrrhura_orcesi,Pyrrhura_orcesi,Pyrrhura_orcesi,Pyrrhura_orcesi,cooperative_breeder,cooperation,monogamy,NA,70,NA,NA,microsatellite,yes,1,0,Weak,Mono,NA,1,27,1,103
186Temple2009,Ramphocinclus_brachyurus,white-breasted_thrasher,67,7.5,30,13.3,13.92,-60.92,no,microsatellite,CP,2002,2004,3,April,September,Ramphocinclus_brachyurus,Ramphocinclus_brachyurus,Ramphocinclus_brachyurus,Ramphocinclus_brachyurus,cooperative_breeder,cooperation,monogamy,yes,50,4,open,microsatellite,no,3,0,Weak,Mono,NA,4,26,5,62
55Schleiche1997,Remiz_pendulinus,penduline_tit,201,7,52,17.3,47.93,17.72,no,DNA_fingerprinting,PN,1993,1994,2,April,August,Remiz_pendulinus,Remiz_pendulinus,Remiz_pendulinus,Remiz_pendulinus,polygynandry,uniparental,mixed,no,10.25,7,other_enclosed,DNA_fingerprinting,no,2,0,Strong,Mono,Poly,9,43,14,187
382van Dijk2010,Remiz_pendulinus,penduline_tit,166,23.5,55,52.7,46.32,20.1,no,microsatellite,PN,2002,2007,6,April,August,Remiz_pendulinus,Remiz_pendulinus,Remiz_pendulinus,Remiz_pendulinus,polygynandry,uniparental,mixed,no,10.25,7,other_enclosed,microsatellite,no,6,0,Strong,Mono,Poly,29,26,39,127
271Whittingham1997,Sericornis_frontalis,white-browed_scrubwren,137,12.4,51,23.5,-35.27,149.1,yes,DNA_fingerprinting,DM,1992,1993,2,April,May,Sericornis_frontalis,Sericornis_frontalis,Sericornis_frontalis,Sericornis_frontalis,cooperative_breeder,cooperation,mixed,yes,12.88,3,ground,DNA_fingerprinting,yes,2,0,Weak,Mono,Poly,12,39,17,120
2Jacobs2015,Sialia_mexicana,Western_bluebird,324,35.2,72,70.8,35.88,-106.03,yes,microsatellite,CP,2010,2012,3,May,August,Sialia_mexicana,Sialia_mexicana,Sialia_mexicana,Sialia_mexicana,cooperative_breeder,cooperation,monogamy,yes,27,6,open,microsatellite,yes,3,0,Weak,Mono,NA,51,21,114,210
233Dickinson1998,Sialia_mexicana,Western_bluebird,207,18.8,51,45.1,36.37,-121.05,yes,DNA_fingerprinting,CP,1993,1995,3,March,May,Sialia_mexicana,Sialia_mexicana,Sialia_mexicana,Sialia_mexicana,cooperative_breeder,cooperation,monogamy,yes,27,6,open,DNA_fingerprinting,yes,3,0,Weak,Mono,NA,23,28,39,168
145Ferree2011,Sialia_mexicana,Western_bluebird,1046,22.1,256,44.9,36.37,-121.05,yes,microsatellite,CP,2000,2005,6,March,May,Sialia_mexicana,Sialia_mexicana,Sialia_mexicana,Sialia_mexicana,cooperative_breeder,cooperation,monogamy,yes,27,6,open,microsatellite,yes,6,0,Weak,Mono,NA,115,141,231,815
267Han2015,Sitta_pusilla,brown-headed_nuthatch,237,27.8,59,40.7,30.65,-84.2,no,microsatellite,CV,2006,2010,5,February,NA,Sitta_pusilla,Sitta_pusilla,Sitta_pusilla,Sitta_pusilla,cooperative_breeder,cooperation,NA,yes,10.076,9,cavity,microsatellite,no,5,1,Weak,NA,NA,24,35,66,171
175Maguire2008,Stipiturus_malachurus,southern_emu-wren,50,12,27,14.8,-38.38,141.6,no,microsatellite,DM,2000,2002,3,August,March,Stipiturus_malachurus,Stipiturus_malachurus,Stipiturus_malachurus,Stipiturus_malachurus,cooperative_breeder,cooperation,NA,NA,7.25,4,ground,microsatellite,no,3,0,Weak,NA,NA,4,23,6,44
304Warrington2013,Struthidea_cinerea,apostlebird,NA,NA,78,2.6,-31,142,no,microsatellite,CP,2006,2010,5,August,December,Struthidea_cinerea,Struthidea_cinerea,Struthidea_cinerea,Struthidea_cinerea,polyandry_cooperative_breeder,cooperation,NA,yes,132.5,5,open,microsatellite,no,5,0,Weak,NA,NA,2,76,NA,NA
192Woxvold2007,Struthidea_cinerea,apostlebird,41,0,15,0,-34.57,145.75,no,microsatellite,CP,1998,2001,4,August,January,Struthidea_cinerea,Struthidea_cinerea,Struthidea_cinerea,Struthidea_cinerea,polyandry_cooperative_breeder,cooperation,NA,yes,132.5,5,open,microsatellite,no,4,0,Weak,NA,NA,0,15,0,41
100Kimwele2002,Struthio_camelus,ostrich,61,49.2,6,100,-1.4,36.8,no,microsatellite,SC,1998,1998,1,July,December,Struthio_camelus,Struthio_camelus,Struthio_camelus,Struthio_camelus,polyandry,biparental,polygamy,NA,114500,11,ground,microsatellite,no,1,0,Weak,NA,Poly,6,0,30,31
393Alatalo1996,Tetrao_tetrix,black_grouse,66,0,11,0,62.17,25.08,NA,NA,SC,1987,1994,8,April,May,Tetrao_tetrix,Tetrao_tetrix,Lyrurus_tetrix,Lyrurus_tetrix,no_social_bond,uniparental,polygamy,NA,1262.5,11,ground,NA,NA,8,0,Weak,NA,Poly,0,11,0,66
79 Lebigre2007,Tetrao_tetrix,black_grouse,NA,NA,130,3.8,63,26,no,microsatellite,SC,2001,2005,5,April,May,Tetrao_tetrix,Tetrao_tetrix,Lyrurus_tetrix,Lyrurus_tetrix,no_social_bond,uniparental,polygamy,NA,1262.5,11,ground,microsatellite,no,5,0,Weak,NA,Poly,5,125,NA,NA
398Gill2005,Thryothorus_leucotis,buff-breasted_wrens,53,3.8,31,3.2,10.17,-79.7,no,microsatellite,SP,1997,1999,3,February,June,Thryothorus_leucotis,Thryothorus_leucotis,Cantorchilus_leucotis,Cantorchilus_leucotis,cooperative_breeder,biparental,monogamy,NA,19.75,3,other_enclosed,microsatellite,no,3,0,Weak,Mono,NA,1,30,2,51
364Brennan2012,Tinamus_major,great_tinamou,121,24,28,57.1,10.43,-83.98,no,microsatellite,SC,2000,2002,3,February,May,Tinamus_major,Tinamus_major,Tinamus_major,Tinamus_major,polyandry,uniparental,polygamy,NA,1006.75,6,ground,microsatellite,no,3,0,Weak,NA,Poly,16,12,29,92
377Lanctot1997,Tryngites_subruficollis,buff-breasted_sandpiper,NA,NA,47,40.4,70.2,-148.25,no,DNA_fingerprinting,NA,1993,1994,2,June,August,Tryngites_subruficollis,Tryngites_subruficollis,Calidris_subruficollis,Calidris_subruficollis,no_social_bond,uniparental,polygamy,NA,66.5,4,NA,DNA_fingerprinting,no,2,0,Strong,NA,Poly,19,28,NA,NA
309Nelson-Flower 2011,Turdoides_bicolor,pied_babbler,145,4.8,NA,NA,-26.97,21.82,no,microsatellite,CP,2004,2008,5,September,May,Turdoides_bicolor,Turdoides_bicolor,Turdoides_bicolor,Turdoides_bicolor,cooperative_breeder,cooperation,NA,NA,75.26666667,5,open,microsatellite,no,5,0,Weak,NA,NA,NA,NA,7,138
248Lundy1998,Turdoides_squamiceps,Arabian_babbler,186,0,44,0,30.77,35.27,no,DNA_fingerprinting,CP,1993,1995,3,February,July,Turdoides_squamiceps,Turdoides_squamiceps,Argya_squamiceps,Argya_squamiceps,cooperative_breeder,cooperation,NA,yes,73.5,5,open,DNA_fingerprinting,no,3,0,Weak,NA,NA,0,44,0,186
248Lundy1998,Tympanuchus_cupido,prairie_chicken,NA,NA,25,44,44.33,-89.63,no,DNA_fingerprinting,SC,1993,1995,3,February,August,Tympanuchus_cupido,Tympanuchus_cupido,Tympanuchus_cupido,Tympanuchus_cupido,lekking,uniparental,polygamy,NA,872.25,17,ground,DNA_fingerprinting,no,3,0,Weak,NA,Poly,11,14,NA,NA
468Saracura2008,Vanellus_chilensis,Southern_lapwing,41,9.8,16,18.8,-15.77,-47.87,no,DNA_fingerprinting,SC,2000,2002,3,July,June,Vanellus_chilensis,Vanellus_chilensis,Vanellus_chilensis,Vanellus_chilensis,cooperative_breeder,nk_cooperation,monogamy,yes,291.5,4,ground,DNA_fingerprinting,no,3,0,Weak,Mono,NA,3,13,4,37
397Rubenstein2007,Lamprotornis_superbus,superb_starling,271,34,100,25,0.28,37.87,no,microsatellite,NA,2005,2008,4,NA,NA,Lamprotornis_superbus,Lamprotornis_superbus,Lamprotornis_superbus,Lamprotornis_superbus,cooperative_breeder,cooperation,monogamy,yes,68.5,4,NA,microsatellite,no,4,0,Weak,Mono,NA,25,75,92,179
333Mulder1994,Malurus_cyane,superb_fairywren,181,76,40,95,-35.28,149.11,no,DNA_fingerprinting,DM,1989,1991,3,August,December,Malurus_cyaneus,Malurus_cyaneus,Malurus_cyaneus,Malurus_cyaneus,cooperative_breeder,cooperation,monogamy,yes,11.33333333,4,ground,DNA_fingerprinting,no,3,0,Weak,Mono,NA,38,2,138,43
475Wrege1987,Merops_bullockoides,white-fronted_bee-eater,NA,NA,65,6.1,-0.37,36.08,no,other,BU,1982,1984,3,October,December,Merops_bullockoides,Merops_bullockoides,Merops_bullockoides,Merops_bullockoides,cooperative_breeder,cooperation,monogamy,yes,33,5,cavity,mixed_other,no,3,1,Weak,Mono,NA,4,61,NA,NA
57Blackmore2007,Pomatostomus_temporalis,grey-crowned_babbler,NA,NA,60,18.33,-30.54,149.38,no,microsatellite,DM,2003,2004,2,July,March,Pomatostomus_temporalis,Pomatostomus_temporalis,Pomatostomus_temporalis,Pomatostomus_temporalis,cooperative_breeder,cooperation,monogamy,yes,72.5,6,ground,microsatellite,no,2,0,Weak,Mono,NA,11,49,NA,NA
179Gibbs1994,Tribonyx mortierii,Tasmanian_native-hen,NA,NA,6,0,-42.63,148.06135,no,DNA_fingerprinting,CP,1989,1989,1,July,September,Gallinula_mortierii,Gallinula_mortierii,Tribonyx_mortierii,Tribonyx_mortierii,cooperative_breeder,cooperation,mixed,yes,1292.5,8,open,DNA_fingerprinting,no,1,0,Weak,Mono,Poly,0,6,NA,NA
178Gavin1998,Accipiter gentilis atricapillus,northern_goshawk,77,1.3,39,2.6,36.71,-112.22,no,other,PL,1991,1993,3,April,August,Accipiter_gentilis,Accipiter_gentilis,Astur_gentilis,Astur_gentilis,monogamy,biparental,monogamy,no,1153.75,5,open,mixed_other,no,3,0,Weak,Mono,NA,1,38,1,76
206Stewart2006,Passer_domesticus,house_sparrow,419,10.7,126,26.2,35,-83,yes,microsatellite,"CV,SP,CR",1995,1996,2,March,August,Passer_domesticus,Passer_domesticus,Passer_domesticus,Passer_domesticus,monogamy,biparental,monogamy,yes,27.44,8,cavity,microsatellite,yes,2,0,Weak,Mono,NA,33,93,45,374
205Stewart2015,Passer_domesticus,house_sparrow,267,12.7,75,26.7,35,-83,yes,microsatellite,"CV,SP,CR",2004,2004,1,March,August,Passer_domesticus,Passer_domesticus,Passer_domesticus,Passer_domesticus,monogamy,biparental,monogamy,yes,27.44,8,cavity,microsatellite,yes,1,0,Weak,Mono,NA,20,55,34,233
395Václav2007,Passer_domesticus,house_sparrow,129,10.1,35,28.6,48.17,16.3,yes,microsatellite,"CV,SP,CR",2000,2000,1,March,July,Passer_domesticus,Passer_domesticus,Passer_domesticus,Passer_domesticus,monogamy,biparental,monogamy,yes,27.44,8,cavity,microsatellite,yes,1,0,Weak,Mono,NA,10,25,13,116
394Vaclav2003,Passer_domesticus,house_sparrow,136,18.4,46,43.5,48.17,16.3,yes,DNA_fingerprinting,"CV,SP,CR",1999,1999,1,March,July,Passer_domesticus,Passer_domesticus,Passer_domesticus,Passer_domesticus,monogamy,biparental,monogamy,yes,27.44,8,cavity,DNA_fingerprinting,yes,1,0,Weak,Mono,NA,20,26,25,111
227Veiga2000,Passer_domesticus,house_sparrow,171,7,54,9.3,40.63,-4,yes,DNA_fingerprinting,"CV,SP,CR",1995,1995,1,March,August,Passer_domesticus,Passer_domesticus,Passer_domesticus,Passer_domesticus,monogamy,biparental,monogamy,yes,27.44,8,cavity,DNA_fingerprinting,yes,1,0,Weak,Mono,NA,5,49,12,159
224Wetton1991,Passer_domesticus,house_sparrow,536,13.6,183,26.8,53.07,-0.95,yes,DNA_fingerprinting,"CV,SP,CR",1985,1989,5,March,August,Passer_domesticus,Passer_domesticus,Passer_domesticus,Passer_domesticus,monogamy,biparental,monogamy,yes,27.44,8,cavity,DNA_fingerprinting,yes,5,0,Weak,Mono,NA,49,134,73,463
391Whitekiller2000,Passer_domesticus,house_sparrow,136,19.9,41,36.6,35.2,-97.43,yes,DNA_fingerprinting,"CV,SP,CR",1994,1997,4,March,August,Passer_domesticus,Passer_domesticus,Passer_domesticus,Passer_domesticus,monogamy,biparental,monogamy,yes,27.44,8,cavity,DNA_fingerprinting,yes,4,0,Weak,Mono,NA,15,26,27,109
359Cordero2002,Passer_montanus,tree_sparrow,114,10.5,35,22.9,46.52,6.57,yes,DNA_fingerprinting,"CV,BU",1991,1992,2,April,August,Passer_montanus,Passer_montanus,Passer_montanus,Passer_montanus,monogamy,biparental,monogamy,NA,23.33333333,9,cavity,DNA_fingerprinting,yes,2,0,Weak,Mono,NA,8,27,12,102
359Cordero2002,Passer_montanus,tree_sparrow,151,7.9,40,25,41.58,-2.43,yes,DNA_fingerprinting,"CV,BU",1993,1995,3,April,August,Passer_montanus,Passer_montanus,Passer_montanus,Passer_montanus,monogamy,biparental,monogamy,NA,23.33333333,9,cavity,DNA_fingerprinting,yes,3,0,Weak,Mono,NA,10,30,12,139
177Seress2007,Passer_montanus,tree_sparrow,76,9.2,19,21.1,46.25,20.13,yes,microsatellite,"CV,BU",2006,2006,1,March,August,Passer_montanus,Passer_montanus,Passer_montanus,Passer_montanus,monogamy,biparental,monogamy,NA,23.33333333,9,cavity,microsatellite,yes,1,0,Weak,Mono,NA,4,15,7,69
102Freeman-Gallant1996,Passerculus_sandwichensis,savannah_sparrow,160,23.1,42,42.9,44.58,-66.77,no,DNA_fingerprinting,CP,1992,1993,2,May,July,Passerculus_sandwichensis,Passerculus_sandwichensis,Passerculus_sandwichensis,Passerculus_sandwichensis,monogamy,biparental,polygamy,NA,21.4,6,open,DNA_fingerprinting,no,2,0,Strong,NA,Poly,18,24,37,123
103Freeman-Gallant2003,Passerculus_sandwichensis,savannah_sparrow,145,47.6,43,65.1,44.58,-66.77,no,DNA_fingerprinting,CP,1994,1995,2,May,July,Passerculus_sandwichensis,Passerculus_sandwichensis,Passerculus_sandwichensis,Passerculus_sandwichensis,monogamy,biparental,polygamy,NA,21.4,6,open,DNA_fingerprinting,no,2,0,Strong,NA,Poly,28,15,69,76
104Freeman-Gallant2005,Passerculus_sandwichensis,savannah_sparrow,411,47.2,116,68.1,44.58,-66.77,no,microsatellite,CP,2002,2003,2,May,July,Passerculus_sandwichensis,Passerculus_sandwichensis,Passerculus_sandwichensis,Passerculus_sandwichensis,monogamy,biparental,polygamy,NA,21.4,6,open,microsatellite,no,2,0,Strong,NA,Poly,79,37,194,217
337Perlut2008,Passerculus_sandwichensis,savannah_sparrow,191,54,77,72,44,-72,no,microsatellite,CP,2002,2005,4,May,July,Passerculus_sandwichensis,Passerculus_sandwichensis,Passerculus_sandwichensis,Passerculus_sandwichensis,monogamy,biparental,polygamy,NA,21.4,6,open,microsatellite,no,4,0,Strong,NA,Poly,55,22,103,88
281Estep2005,Passerina_caerulea,blue_grosbeak,55,52.7,20,70,32.6,-85.3,no,microsatellite,CP,1997,1998,2,May,August,Passerina_caerulea,Passerina_caerulea,Passerina_caerulea,Passerina_caerulea,monogamy,biparental,NA,NA,29,5,open,microsatellite,no,2,0,Strong,NA,NA,14,6,29,26
120Westneat1990,Passerina_cyanea,indigo_bunting,63,34.9,25,48,35.88,-79.02,no,DNA_fingerprinting,CP,1986,1986,1,May,August,Passerina_cyanea,Passerina_cyanea,Passerina_cyanea,Passerina_cyanea,monogamy,biparental,mixed,no,15.65,4,open,DNA_fingerprinting,no,1,0,Strong,Mono,Poly,12,13,22,41
416Ardern1997,Petroica_australis,New_Zealand_robin,62,0,37,0,-41.08,174.27,no,microsatellite,CP,1992,1995,4,October,January,Petroica_australis,Petroica_australis,Petroica_longipes,Petroica_longipes,monogamy,biparental,monogamy,NA,29.775,3,open,microsatellite,no,4,0,Weak,Mono,NA,0,37,0,62
130Dowling2006,Petroica_goodenovii,red-capped_robin,240,22.1,NA,37,-36.17,144.22,no,microsatellite,CP,2000,2002,3,August,January,Petroica_goodenovii,Petroica_goodenovii,Petroica_goodenovii,Petroica_goodenovii,monogamy,biparental,monogamy,NA,8,3,open,microsatellite,no,3,0,Weak,Mono,NA,NA,NA,53,187
154Nemeth2012,Petronia_petronia,rock_sparrow,277,24.5,56,44.6,44.97,6.63,yes,microsatellite,"CR,DM",2008,2009,2,May,July,Petronia_petronia,Petronia_petronia,Petronia_petronia,Petronia_petronia,monogamy,biparental,polygamy,NA,32.5,8,cavity,microsatellite,yes,2,0,Weak,NA,Poly,25,31,68,209
29Pilastro2002,Petronia_petronia,rock_sparrow,181,32,42,57.1,NA,NA,yes,DNA_fingerprinting,"CR,DM",1997,1999,3,NA,NA,Petronia_petronia,Petronia_petronia,Petronia_petronia,Petronia_petronia,monogamy,biparental,polygamy,NA,32.5,8,cavity,DNA_fingerprinting,yes,3,0,Weak,NA,Poly,24,18,58,123
296Chu2002,Phainopepla_nitens,phainopepla,48,0,25,0,33.68,-117,no,DNA_fingerprinting,CP,1995,1999,5,NA,NA,Phainopepla_nitens,Phainopepla_nitens,Phainopepla_nitens,Phainopepla_nitens,monogamy,biparental,monogamy,NA,22.6,4,open,DNA_fingerprinting,no,5,1,Weak,Mono,NA,0,25,0,48
224Graves1992,Phalacrocorax_aristotelis,shag,28,17.9,15,20,56.18,-2.57,no,DNA_fingerprinting,PL,1987,1987,1,April,July,Phalacrocorax_aristotelis,Phalacrocorax_aristotelis,Gulosus_aristotelis,Gulosus_aristotelis,monogamy,biparental,polygamy,NA,1777.25,6,open,DNA_fingerprinting,no,1,1,Weak,NA,Poly,3,12,5,23
274Calderón2012,Phalacrocorax_atriceps,imperial_shag,110,0,37,0,-43.08,-64.5,no,microsatellite,PL,2004,2005,2,August,March,Phalacrocorax_atriceps,Phalacrocorax_atriceps,Leucocarbo_atriceps,Leucocarbo_atriceps,monogamy,biparental,NA,NA,2294.666667,5,open,microsatellite,no,2,1,Weak,NA,NA,0,37,0,110
366Minias2016,Phalacrocorax_carbo,great_cormorant,124,10.5,30,30,51.73,18.63,no,microsatellite,"PL,M",2010,2011,2,March,NA,Phalacrocorax_carbo,Phalacrocorax_carbo,Phalacrocorax_carbo,Phalacrocorax_carbo,monogamy,biparental,monogamy,NA,2874.166667,7,ground,microsatellite,no,2,1,Weak,Mono,NA,9,21,13,111
139Schamel2004,Phalaropus_lobatus,red-necked_phalarope,226,1.8,63,6.3,66.55,-163.61,no,DNA_fingerprinting,SC,1977,1999,23,June,July,Phalaropus_lobatus,Phalaropus_lobatus,Phalaropus_lobatus,Phalaropus_lobatus,monogamy,uniparental,mixed,NA,35.16666667,4,ground,DNA_fingerprinting,no,23,0,Strong,Mono,Poly,4,59,4,222
432Taylor2008,Philesturnus_carunculatus,saddleback,202,0,39,0,-46.9,168.1,no,microsatellite,CP,2001,2007,7,September,February,Philesturnus_carunculatus,Philesturnus_carunculatus,Philesturnus_carunculatus,Philesturnus_carunculatus,monogamy,biparental,NA,NA,78.58333333,3,open,microsatellite,no,7,0,Weak,NA,NA,0,39,0,202
259Huyvaert2000,Phoebastria_irrorata,waved_albatross,16,25,16,25,-1.38,-89.62,no,DNA_fingerprinting,M,1996,1996,1,April,NA,Phoebastria_irrorata,Phoebastria_irrorata,Phoebastria_irrorata,Phoebastria_irrorata,monogamy,biparental,monogamy,NA,3395,1,ground,DNA_fingerprinting,no,1,1,Weak,Mono,NA,4,12,4,12
259Huyvaert2006,Phoebastria_irrorata,waved_albatross,154,16.9,154,16.9,-1.38,-89.62,no,DNA_fingerprinting,M,2000,2002,3,March,December,Phoebastria_irrorata,Phoebastria_irrorata,Phoebastria_irrorata,Phoebastria_irrorata,monogamy,biparental,monogamy,NA,3395,1,ground,DNA_fingerprinting,no,3,1,Weak,Mono,NA,26,128,26,128
101Villavicencio2014,Phoenicurus_ochruros,black_redstart,222,28.8,53,30.2,47.97,11.23,no,microsatellite,"CP,CR",2010,2011,2,March,July,Phoenicurus_ochruros,Phoenicurus_ochruros,Phoenicurus_ochruros,Phoenicurus_ochruros,monogamy,nk_cooperation,monogamy,yes,16,6,cavity,microsatellite,no,2,0,Weak,Mono,NA,16,37,64,158
346Kleven2007,Phoenicurus_phoenicurus,common_redstart,253,2,38,10.5,62.47,11.8,yes,microsatellite,"CV,CR",2002,2006,5,May,June,Phoenicurus_phoenicurus,Phoenicurus_phoenicurus,Phoenicurus_phoenicurus,Phoenicurus_phoenicurus,monogamy,biparental,mixed,NA,15.5,8,cavity,microsatellite,yes,5,0,Strong,Mono,Poly,4,34,5,248
221Ewen2008,Phylidonyris_pyrrhopterus,crescent_honeyeater,19,57.9,NA,NA,-39.03,146.33,no,microsatellite,CP,1995,2000,6,November,February,Phylidonyris_pyrrhopterus,Phylidonyris_pyrrhopterus,Phylidonyris_pyrrhopterus,Phylidonyris_pyrrhopterus,monogamy,biparental,NA,NA,17.5,3,open,microsatellite,no,6,1,Weak,NA,NA,NA,NA,11,8
470Forstmeier2002,Phylloscopus_fuscatus,dusky_warbler,195,45.1,46,58.7,59.85,154.02,no,microsatellite,SP,1998,1999,2,NA,NA,Phylloscopus_fuscatus,Phylloscopus_fuscatus,Phylloscopus_fuscatus,Phylloscopus_fuscatus,monogamy,biparental,NA,NA,9.916666667,6,other_enclosed,microsatellite,no,2,0,Strong,NA,NA,27,19,88,107
13Grendelmeier2017,Phylloscopus_sibilatrix,wood_warbler,12,25,10,20,47.42,7.55,no,microsatellite,SP,2013,2014,2,March,June,Phylloscopus_sibilatrix,Phylloscopus_sibilatrix,Phylloscopus_sibilatrix,Phylloscopus_sibilatrix,monogamy,biparental,mixed,NA,10.7,10,other_enclosed,microsatellite,no,2,0,Strong,Mono,Poly,2,8,3,9
460Gyllensten1990,Phylloscopus_sibilatrix,wood_warbler,56,0,13,0,59.32,18,no,DNA_fingerprinting,SP,1986,1987,2,May,June,Phylloscopus_sibilatrix,Phylloscopus_sibilatrix,Phylloscopus_sibilatrix,Phylloscopus_sibilatrix,monogamy,biparental,mixed,NA,10.7,10,other_enclosed,DNA_fingerprinting,no,2,0,Strong,Mono,Poly,0,13,0,56
18Fridolfsson1997,Phylloscopus_trochilus,willow_warbler,68,27.9,12,58.3,56.92,18.12,no,microsatellite,SP,1992,1993,2,April,July,Phylloscopus_trochilus,Phylloscopus_trochilus,Phylloscopus_trochilus,Phylloscopus_trochilus,monogamy,biparental,mixed,NA,9.533333333,8,other_enclosed,microsatellite,no,2,0,Strong,Mono,Poly,7,5,19,49
122Gil2007,Phylloscopus_trochilus,willow_warbler,200,23.5,34,47.1,56.28,-2.7,no,microsatellite,SP,1994,1996,3,April,June,Phylloscopus_trochilus,Phylloscopus_trochilus,Phylloscopus_trochilus,Phylloscopus_trochilus,monogamy,biparental,mixed,NA,9.533333333,8,other_enclosed,microsatellite,no,3,0,Strong,Mono,Poly,16,18,47,153
460Gyllensten1990,Phylloscopus_trochilus,willow_warbler,120,0,19,0,59.32,18,no,DNA_fingerprinting,SP,1986,1987,2,April,July,Phylloscopus_trochilus,Phylloscopus_trochilus,Phylloscopus_trochilus,Phylloscopus_trochilus,monogamy,biparental,mixed,NA,9.533333333,8,other_enclosed,DNA_fingerprinting,no,2,0,Strong,Mono,Poly,0,19,0,120
332Li2009,Picoides_tridactylus,Eurasian_three-toed_woodpecker,80,2.5,26,7.7,61.18,25.1,no,microsatellite,CV,2004,2007,4,April,June,Picoides_tridactylus,Picoides_tridactylus,Picoides_tridactylus,Picoides_tridactylus,monogamy,biparental,monogamy,NA,63.5,6,cavity,microsatellite,no,4,0,Weak,Mono,NA,2,24,2,78
370Pechacek2005,Picoides_tridactylus,Eurasian_three-toed_woodpecker,55,7.3,26,15.4,47.53,12.93,no,DNA_fingerprinting,CV,1994,2004,11,May,June,Picoides_tridactylus,Picoides_tridactylus,Picoides_tridactylus,Picoides_tridactylus,monogamy,biparental,monogamy,NA,63.5,6,cavity,DNA_fingerprinting,no,11,0,Weak,Mono,NA,4,22,4,51
404Smith2016,Pipilo_maculatus,spotted_towhee,575,26.3,228,44.3,45.5,-122.68,no,microsatellite,CP,2004,2006,3,NA,NA,Pipilo_maculatus,Pipilo_maculatus,Pipilo_maculatus,Pipilo_maculatus,monogamy,NA,monogamy,NA,42.96,6,open,microsatellite,no,3,0,Weak,Mono,NA,101,127,151,424
356Klatt2008,Piranga_olivacea,scarlet_tanager,54,16.7,17,29.4,41.77,-79.93,no,microsatellite,CP,2001,2005,5,May,NA,Piranga_olivacea,Piranga_olivacea,Piranga_olivacea,Piranga_olivacea,monogamy,biparental,monogamy,NA,30.71666667,5,open,microsatellite,no,5,0,Strong,Mono,NA,5,12,9,45
74Miño2011b,Platalea_ajaja,roseate_spoonbill,74,2.7,37,5.4,NA,NA,no,microsatellite,PL,2006,2008,3,NA,NA,Platalea_ajaja,Platalea_ajaja,Platalea_ajaja,Platalea_ajaja,monogamy,biparental,monogamy,NA,1475,7,open,microsatellite,no,3,1,Weak,Mono,NA,2,35,2,72
262Hoset2014,Plectrophenax_nivalis,snow_bunting,380,10.8,91,20.9,78.22,15.63,yes,microsatellite,CR,1999,2003,5,April,July,Plectrophenax_nivalis,Plectrophenax_nivalis,Plectrophenax_nivalis,Plectrophenax_nivalis,monogamy,biparental,monogamy,NA,37.78333333,8,cavity,microsatellite,yes,5,0,Strong,Mono,NA,19,72,41,339
437Yezerinac2013,Pluvialis_dominica,American_golden_plover,131,7.6,37,16.2,71.29,-156.8,no,microsatellite,SC,2004,2009,6,June,July,Pluvialis_dominica,Pluvialis_dominica,Pluvialis_dominica,Pluvialis_dominica,monogamy,biparental,monogamy,NA,154.3333333,4,ground,microsatellite,no,6,0,Strong,Mono,NA,6,31,10,121
156van Rooij2016,Poephila_acuticauda,long-tailed_finch,391,12.8,101,25.7,-15.55,128,yes,microsatellite,SP,2008,2010,3,March,September,Poephila_acuticauda,Poephila_acuticauda,Poephila_acuticauda,Poephila_acuticauda,monogamy,biparental,NA,NA,14.05,6,other_enclosed,microsatellite,yes,3,0,Weak,NA,NA,26,75,50,341
319Lettink2002,Porphyrio_hochstetteri,takahe,27,0,9,0,NA,NA,no,DNA_fingerprinting,CP,1998,1998,1,NA,NA,Porphyrio_hochstetteri,Porphyrio_hochstetteri,Porphyrio_hochstetteri,Porphyrio_hochstetteri,monogamy,cooperation,monogamy,NA,2487.5,3,open,DNA_fingerprinting,no,1,1,Weak,Mono,NA,0,9,0,27
401Tarof2012,Progne_subis,purple_martin,1235,22.1,297,46.1,42.13,-80.3,yes,microsatellite,CR,2006,2008,3,May,August,Progne_subis,Progne_subis,Progne_subis,Progne_subis,monogamy,biparental,monogamy,NA,50.23333333,8,cavity,microsatellite,yes,3,1,Weak,Mono,NA,137,160,273,962
384Wagner1996,Progne_subis,purple_martin,138,18.8,NA,NA,39.08,-76.57,yes,DNA_fingerprinting,CR,1991,1993,3,April,July,Progne_subis,Progne_subis,Progne_subis,Progne_subis,monogamy,biparental,monogamy,NA,50.23333333,8,cavity,DNA_fingerprinting,yes,3,1,Weak,Mono,NA,NA,NA,26,112
318McFarlane2010,Promerops_cafer,cape_sugarbird,185,64.9,104,70.2,-34,18.97,no,microsatellite,CP,2003,2005,3,February,September,Promerops_cafer,Promerops_cafer,Promerops_cafer,Promerops_cafer,monogamy,biparental,monogamy,NA,34.75,2,open,microsatellite,no,3,1,Weak,Mono,NA,73,31,120,65
229Austin1996,Puffinus_tenuirostris,short-tailed_shearwater,83,10.8,83,10.8,-43.1,147.42,no,DNA_fingerprinting,BU,1992,1993,2,September,April,Puffinus_tenuirostris,Puffinus_tenuirostris,Ardenna_tenuirostris,Ardenna_tenuirostris,monogamy,biparental,monogamy,NA,695,1,cavity,DNA_fingerprinting,no,2,1,Strong,Mono,NA,9,74,9,74
28Pilastro2001,Pygoscelis_adeliae,adélie_penguin,22,9.1,18,11.1,-74.35,165.13,no,DNA_fingerprinting,SC,1998,1999,2,November,January,Pygoscelis_adeliae,Pygoscelis_adeliae,Pygoscelis_adeliae,Pygoscelis_adeliae,monogamy,biparental,NA,no,5425,2,ground,DNA_fingerprinting,no,2,1,Weak,NA,NA,2,16,2,20
244Moreno2000,Pygoscelis_antarcticus,chinstrap_penguin,76,0,38,0,-63,-60.67,no,DNA_fingerprinting,PL,1998,1998,1,December,January,Pygoscelis_antarcticus,Pygoscelis_antarcticus,Pygoscelis_antarcticus,Pygoscelis_antarcticus,monogamy,biparental,NA,NA,4105.833333,2,open,DNA_fingerprinting,no,1,1,Weak,NA,NA,0,38,0,76
298Dallimer2007,Quelea_quelea,red-billed_quelea,56,21.4,37,32.4,-21.08,31.92,no,microsatellite,SP,1998,1998,1,NA,NA,Quelea_quelea,Quelea_quelea,Quelea_quelea,Quelea_quelea,monogamy,biparental,mixed,NA,20.5,5,other_enclosed,microsatellite,no,1,1,Weak,Mono,Poly,12,25,12,44
454Krueger2008,Ramphocelus_costaricensis,Cherrie’s_tanager,55,49.1,31,54.8,8.7,-83.2,no,microsatellite,CP,2000,2001,2,January,July,Ramphocelus_costaricensis,Ramphocelus_costaricensis,Ramphocelus_passerinii,Ramphocelus_passerinii,monogamy,NA,NA,NA,30.58333333,3,open,microsatellite,no,2,0,Weak,NA,NA,17,14,27,28
7Ball 2017,Remiz_coronatus,white-crowned_penduline_tit,29,0,5,0,42.42,70.48,no,microsatellite,PN,2008,2008,1,April,July,Remiz_coronatus,Remiz_coronatus,Remiz_coronatus,Remiz_coronatus,monogamy,NA,mixed,no,7.833333333,9,other_enclosed,microsatellite,no,1,0,Strong,Mono,Poly,0,5,0,29
228Hoffman2010,Rhipidura_fuliginosa,grey_fantail,49,55.1,25,64,-35.45,149.28,no,microsatellite,CP,2002,2005,4,September,February,Rhipidura_fuliginosa,Rhipidura_fuliginosa,Rhipidura_albiscapa,Rhipidura_albiscapa,monogamy,biparental,NA,NA,8.433333333,5,open,microsatellite,no,4,0,Weak,NA,NA,16,9,27,22
293 Alves1998,Riparia_riparia,sand_martin,167,13.8,45,35.6,56.2,-3.98,no,DNA_fingerprinting,BU,1990,1992,3,April,August,Riparia_riparia,Riparia_riparia,Riparia_riparia,Riparia_riparia,monogamy,biparental,mixed,NA,13.7,7,cavity,DNA_fingerprinting,no,3,1,Strong,Mono,Poly,16,29,23,144
211Augustin2007,Riparia_riparia,sand_martin,168,20.2,41,36.6,48.3,21.08,no,DNA_fingerprinting,BU,2002,2002,1,May,June,Riparia_riparia,Riparia_riparia,Riparia_riparia,Riparia_riparia,monogamy,biparental,mixed,NA,13.7,7,cavity,DNA_fingerprinting,no,1,1,Strong,Mono,Poly,15,26,34,134
165Helfenstein2004,Rissa_tridactyla,black-legged_kittiwake,119,0,86,0,48.08,-4.58,no,microsatellite,HC,1999,2001,3,March,July,Rissa_tridactyla,Rissa_tridactyla,Rissa_tridactyla,Rissa_tridactyla,monogamy,biparental,monogamy,NA,439.3333333,3,open,microsatellite,no,3,1,Weak,Mono,NA,0,86,0,119
31Beheler2003,Sayornis_phoebe,Eastern_phoebe,769,5.1,174,9.2,38.9,-86.9,no,microsatellite,NA,1998,2000,3,March,July,Sayornis_phoebe,Sayornis_phoebe,Sayornis_phoebe,Sayornis_phoebe,monogamy,biparental,mixed,NA,19.13333333,6,NA,microsatellite,no,3,0,Strong,Mono,Poly,16,158,39,730
245Conrad1998,Sayornis_phoebe,Eastern_phoebe,76,11.8,20,20,44.57,-76.32,no,DNA_fingerprinting,NA,1993,1994,2,April,August,Sayornis_phoebe,Sayornis_phoebe,Sayornis_phoebe,Sayornis_phoebe,monogamy,biparental,mixed,NA,19.13333333,6,NA,DNA_fingerprinting,no,2,0,Strong,Mono,Poly,4,16,9,67
108Voigt2003,Serinus_canaria,canary,45,0,15,0,32.58,-16.47,no,DNA_fingerprinting,CP,1996,1997,2,February,June,Serinus_canaria,Serinus_canaria,Serinus_canaria,Serinus_canaria,monogamy,biparental,monogamy,NA,21.225,4,open,DNA_fingerprinting,no,2,0,Weak,Mono,NA,0,15,0,45
306Hoi-Leitner1999,Serinus_serinus,serin,139,9.4,47,14.9,37.87,-3.92,no,DNA_fingerprinting,PL,1995,1997,3,February,July,Serinus_serinus,Serinus_serinus,Serinus_serinus,Serinus_serinus,monogamy,biparental,monogamy,NA,11.25,4,open,DNA_fingerprinting,no,3,1,Weak,Mono,NA,7,40,13,126
354Mota2003,Serinus_serinus,serin,61,0,21,0,40.17,-8.55,no,DNA_fingerprinting,PL,1991,1993,3,March,July,Serinus_serinus,Serinus_serinus,Serinus_serinus,Serinus_serinus,monogamy,biparental,monogamy,NA,11.25,4,open,DNA_fingerprinting,no,3,1,Weak,Mono,NA,0,21,0,61
360Kappes2009,Setophaga_ruticilla,American_redstart,81,44.4,28,64.3,41.77,-79.93,no,microsatellite,CP,2002,2003,2,May,July,Setophaga_ruticilla,Setophaga_ruticilla,Setophaga_ruticilla,Setophaga_ruticilla,monogamy,biparental,monogamy,NA,8.275,5,open,microsatellite,no,2,0,Strong,Mono,NA,18,10,36,45
428Perreault1997,Setophaga_ruticilla,American_redstart,108,39.8,32,59.4,45.07,-67.03,no,DNA_fingerprinting,CP,1987,1989,3,May,July,Setophaga_ruticilla,Setophaga_ruticilla,Setophaga_ruticilla,Setophaga_ruticilla,monogamy,biparental,monogamy,NA,8.275,5,open,DNA_fingerprinting,no,3,0,Strong,Mono,NA,19,13,43,65
329Reudink2009,Setophaga_ruticilla,American_redstart,239,23.4,75,42.7,44.57,-76.32,no,microsatellite,CP,2004,2007,4,May,July,Setophaga_ruticilla,Setophaga_ruticilla,Setophaga_ruticilla,Setophaga_ruticilla,monogamy,biparental,monogamy,NA,8.275,5,open,microsatellite,no,4,0,Strong,Mono,NA,32,43,56,183
417Balenger2009,Sialia_currucoides,mountain_bluebird,465,36.3,92,71.7,44.63,-107,yes,microsatellite,CP,2004,2005,2,May,July,Sialia_currucoides,Sialia_currucoides,Sialia_currucoides,Sialia_currucoides,monogamy,biparental,NA,NA,30.075,6,open,microsatellite,yes,2,0,Strong,NA,NA,66,26,169,296
151O’Brien2011,Sialia_currucoides,mountain_bluebird,900,32,177,65,51,-122,yes,microsatellite,CP,2006,2008,3,April,NA,Sialia_currucoides,Sialia_currucoides,Sialia_currucoides,Sialia_currucoides,monogamy,biparental,NA,NA,30.075,6,open,microsatellite,yes,3,0,Strong,NA,NA,115,62,288,612
403Meek1994,Sialia_sialis,Eastern_bluebird,83,8.4,21,23.8,44.57,-76.32,yes,DNA_fingerprinting,CP,1989,1991,3,NA,NA,Sialia_sialis,Sialia_sialis,Sialia_sialis,Sialia_sialis,monogamy,biparental,mixed,NA,29.88333333,5,open,DNA_fingerprinting,yes,3,1,Weak,Mono,Poly,5,16,7,76
176Segelbacher2005,Sitta_europaea,European_nuthatch,188,9.6,32,37.5,48.53,9.05,yes,microsatellite,"CV,CR,O",1995,1999,5,April,May,Sitta_europaea,Sitta_europaea,Sitta_europaea,Sitta_europaea,monogamy,biparental,monogamy,NA,21.51666667,13,cavity,microsatellite,yes,5,0,Weak,Mono,NA,12,20,18,170
310Schwartz1999,Spheniscus_humboldti,Humboldt_penguin,49,0,21,0,-15.37,-75.2,no,DNA_fingerprinting,"BU,CR",1995,1995,1,March,December,Spheniscus_humboldti,Spheniscus_humboldti,Spheniscus_humboldti,Spheniscus_humboldti,monogamy,biparental,NA,NA,4416.666667,2,cavity,DNA_fingerprinting,no,1,1,Weak,NA,NA,0,21,0,49
43Sousa2013,Spiza_americana,dickcissel,218,38.5,92,52.2,39.08,-96.58,no,microsatellite,CP,2006,2007,2,May,August,Spiza_americana,Spiza_americana,Spiza_americana,Spiza_americana,monogamy,uniparental,mixed,NA,31.26,7,open,microsatellite,no,2,0,Strong,Mono,Poly,48,44,84,134
3Celis-Murillo2017,Spizella_pusilla,field_sparrow,308,9.7,80,40,40.2,-87.72,no,microsatellite,CP,2012,2014,3,May,July,Spizella_pusilla,Spizella_pusilla,Spizella_pusilla,Spizella_pusilla,monogamy,biparental,NA,NA,13.81666667,6,open,microsatellite,no,3,0,Weak,NA,NA,32,48,30,278
127Dlehanty1998,Steganopus_tricolor,Wilson’s_phalarope,43,0,15,0,51.45,-105.17,no,DNA_fingerprinting,SC,1990,1990,1,June,August,Steganopus_tricolor,Steganopus_tricolor,Phalaropus_tricolor,Phalaropus_tricolor,monogamy,uniparental,polygamy,NA,78,4,ground,DNA_fingerprinting,no,1,0,Strong,NA,Poly,0,15,0,43
223Gonzalez-Solis2001,Sterna_hirundo,common_tern,102,1,34,2.9,53.52,8.08,no,DNA_fingerprinting,SC,1999,1999,1,April,June,Sterna_hirundo,Sterna_hirundo,Sterna_hirundo,Sterna_hirundo,monogamy,biparental,monogamy,no,125.75,3,ground,DNA_fingerprinting,no,1,1,Strong,Mono,NA,1,33,1,101
303Griggio2004,Sterna_hirundo,common_tern,29,0,10,0,45.35,12.27,no,DNA_fingerprinting,SC,1996,1998,3,May,July,Sterna_hirundo,Sterna_hirundo,Sterna_hirundo,Sterna_hirundo,monogamy,biparental,monogamy,no,125.75,3,ground,DNA_fingerprinting,no,3,1,Strong,Mono,NA,0,10,0,29
467Saladin2007,Strix_aluco,tawny_owl,137,0.7,37,2.7,46,6,yes,microsatellite,"CR,CV,O",2004,2004,1,January,NA,Strix_aluco,Strix_aluco,Strix_aluco,Strix_aluco,monogamy,biparental,monogamy,NA,480,9,cavity,microsatellite,yes,1,0,Weak,Mono,NA,1,36,1,136
358Cordero2003,Sturnus_unicolor,spotless_starling,334,15.9,96,41.7,40.5,-4,yes,DNA_fingerprinting,O,1996,1997,2,April,NA,Sturnus_unicolor,Sturnus_unicolor,Sturnus_unicolor,Sturnus_unicolor,monogamy,biparental,mixed,NA,88.575,5,open,DNA_fingerprinting,yes,2,1,Weak,Mono,Poly,40,56,53,281
147García-Vigón2008,Sturnus_unicolor,spotless_starling,202,15.3,56,48.2,40.5,-4,yes,microsatellite,O,1998,2000,3,April,NA,Sturnus_unicolor,Sturnus_unicolor,Sturnus_unicolor,Sturnus_unicolor,monogamy,biparental,mixed,NA,88.575,5,open,microsatellite,yes,3,1,Weak,Mono,Poly,27,29,31,171
22Loyau2005,Sturnus_vulgaris,common_starling,196,16.8,48,43.8,46.52,6.57,yes,microsatellite,CV,2001,2002,2,April,June,Sturnus_vulgaris,Sturnus_vulgaris,Sturnus_vulgaris,Sturnus_vulgaris,monogamy,biparental,mixed,no,81.03333333,7,cavity,microsatellite,yes,2,0,Weak,Mono,Poly,21,27,33,163
390Pinxten1993,Sturnus_vulgaris,common_starling,62,9.7,14,28.6,51.22,4.67,yes,DNA_fingerprinting,CV,1988,1989,2,April,June,Sturnus_vulgaris,Sturnus_vulgaris,Sturnus_vulgaris,Sturnus_vulgaris,monogamy,biparental,mixed,no,81.03333333,7,cavity,DNA_fingerprinting,yes,2,0,Weak,Mono,Poly,4,10,6,56
183Smith1998,Sturnus_vulgaris,common_starling,157,15.9,37,40.5,55.72,13.45,yes,DNA_fingerprinting,CV,1991,1997,7,April,June,Sturnus_vulgaris,Sturnus_vulgaris,Sturnus_vulgaris,Sturnus_vulgaris,monogamy,biparental,mixed,no,81.03333333,7,cavity,DNA_fingerprinting,yes,7,0,Weak,Mono,Poly,15,22,25,132
320Baumgarten2001,Sula_dactylatra,masked_booby,6,0,6,0,-18.17,-39.33,no,DNA_fingerprinting,SC,1996,1997,2,September,October,Sula_dactylatra,Sula_dactylatra,Sula_dactylatra,Sula_dactylatra,monogamy,biparental,NA,NA,1811.8,2,ground,DNA_fingerprinting,no,2,1,Weak,NA,NA,0,6,0,6
126Anderson2006,Sula_granti,Nazca_booby,32,0,21,0,-1.33,-89.67,no,DNA_fingerprinting,NA,1990,1990,1,NA,NA,Sula_granti,Sula_granti,Sula_granti,Sula_granti,monogamy,NA,NA,no,1752.5,2,NA,DNA_fingerprinting,no,1,1,Weak,NA,NA,0,21,0,32
12Ramos2014,Sula_nebouxii,blue-footed_booby,799,6.9,453,10.6,21.87,-105.9,no,microsatellite,NA,2011,2011,1,February,July,Sula_nebouxii,Sula_nebouxii,Sula_nebouxii,Sula_nebouxii,monogamy,biparental,NA,NA,1590,3,NA,microsatellite,no,1,1,Weak,NA,NA,48,405,55,744
352Baião2009,Sula_sula,red-footed_booby,14,0,14,0,-1.33,-89.67,no,DNA_fingerprinting,PL,2005,2005,1,NA,NA,Sula_sula,Sula_sula,Sula_sula,Sula_sula,monogamy,cooperation,monogamy,yes,1086.6,1,open,DNA_fingerprinting,no,1,1,Weak,Mono,NA,0,14,0,14
347Moore1999,Tachycineta_albilinea,mangrove_swallow,97,15.5,31,25.8,9.17,-79.85,yes,DNA_fingerprinting/microsatellite,"CV,O",1996,1996,1,January,July,Tachycineta_albilinea,Tachycineta_albilinea,Tachycineta_albilinea,Tachycineta_albilinea,monogamy,biparental,monogamy,NA,14.26666667,5,cavity,mixed_other,yes,1,0,Weak,Mono,NA,8,23,15,82
59Barber1996,Tachycineta_bicolor,tree_swallow,111,68.5,25,84,44.7,-76.2,no,DNA_fingerprinting,CV,1992,1993,2,June,June,Tachycineta_bicolor,Tachycineta_bicolor,Tachycineta_bicolor,Tachycineta_bicolor,monogamy,biparental,mixed,NA,20.875,8,cavity,DNA_fingerprinting,no,2,0,Strong,Mono,Poly,21,4,76,35
59Barber1996,Tachycineta_bicolor,tree_swallow,172,55.8,39,71.8,44.7,-76.2,yes,DNA_fingerprinting,CV,1990,1991,2,April,June,Tachycineta_bicolor,Tachycineta_bicolor,Tachycineta_bicolor,Tachycineta_bicolor,monogamy,biparental,mixed,NA,20.875,8,cavity,DNA_fingerprinting,yes,2,0,Strong,Mono,Poly,28,11,96,76
244Conrad2001,Tachycineta_bicolor,tree_swallow,529,51.4,106,74.5,44.57,-76.32,yes,microsatellite,CV,1990,1995,6,April,June,Tachycineta_bicolor,Tachycineta_bicolor,Tachycineta_bicolor,Tachycineta_bicolor,monogamy,biparental,mixed,NA,20.875,8,cavity,microsatellite,yes,6,0,Strong,Mono,Poly,79,27,272,257
244Conrad2001,Tachycineta_bicolor,tree_swallow,67,55.2,13,84.6,44.58,-66.77,yes,microsatellite,CV,1993,1993,1,April,June,Tachycineta_bicolor,Tachycineta_bicolor,Tachycineta_bicolor,Tachycineta_bicolor,monogamy,biparental,mixed,NA,20.875,8,cavity,microsatellite,yes,1,0,Strong,Mono,Poly,11,2,37,30
243Delmore2008,Tachycineta_bicolor,tree_swallow,365,47.9,67,82.1,44.57,-76.32,yes,microsatellite,CV,2006,2006,1,April,June,Tachycineta_bicolor,Tachycineta_bicolor,Tachycineta_bicolor,Tachycineta_bicolor,monogamy,biparental,mixed,NA,20.875,8,cavity,microsatellite,yes,1,0,Strong,Mono,Poly,55,12,175,190
368Dunn2006,Tachycineta_bicolor,tree_swallow,NA,NA,23,69.6,43.38,-88.02,yes,microsatellite,CV,2001,2002,2,April,May,Tachycineta_bicolor,Tachycineta_bicolor,Tachycineta_bicolor,Tachycineta_bicolor,monogamy,biparental,mixed,NA,20.875,8,cavity,microsatellite,yes,2,0,Strong,Mono,Poly,16,7,NA,NA
21Lessard2014,Tachycineta_bicolor,tree_swallow,3438,49,587,84,45,-74,yes,microsatellite,CV,2007,2010,4,April,June,Tachycineta_bicolor,Tachycineta_bicolor,Tachycineta_bicolor,Tachycineta_bicolor,monogamy,biparental,mixed,NA,20.875,8,cavity,microsatellite,yes,4,0,Strong,Mono,Poly,493,94,1685,1753
375Bitton2007,Tachycineta_bicolor,tree_swallow,216,35.2,40,85,53,-123,yes,microsatellite,CV,2004,2004,1,April,June,Tachycineta_bicolor,Tachycineta_bicolor,Tachycineta_bicolor,Tachycineta_bicolor,monogamy,biparental,mixed,NA,20.875,8,cavity,microsatellite,yes,1,0,Strong,Mono,Poly,34,6,76,140
311Stapleton2007,Tachycineta_bicolor,tree_swallow,502,47.2,99,82.8,44.57,-76.32,yes,microsatellite,CV,1997,2003,7,April,June,Tachycineta_bicolor,Tachycineta_bicolor,Tachycineta_bicolor,Tachycineta_bicolor,monogamy,biparental,mixed,NA,20.875,8,cavity,microsatellite,yes,7,0,Strong,Mono,Poly,82,17,237,265
432Taylor2008,Petroica_australis,New_Zealand_robin,NA,NA,54,1.9,-45,168,no,microsatellite,CP,2001,2005,5,NA,NA,Petroica_australis,Petroica_australis,Petroica_longipes,Petroica_longipes,monogamy,biparental,monogamy,NA,29.775,3,open,microsatellite,no,5,0,Weak,Mono,NA,1,53,NA,NA
485Gregory2018,Tympanuchus_cupido,greater_prairie-chicken,230,25.2,28,17.8,NA,NA,no,microsatellite,SC,2007,2010,4,March,April,Tympanuchus_cupido,Tympanuchus_cupido,Tympanuchus_cupido,Tympanuchus_cupido,lekking,uniparental,polygamy,NA,872.25,17,ground,microsatellite,no,4,0,Weak,NA,Poly,5,23,58,172
486Turjeman2021,Coloeus_monedula,Eurasian_jackdaw,28,NA,13,15.4,31.6597,34.8797,yes,microsatellite,CV,2012,2015,4,NA,NA,Corvus_monedula,Corvus_monedula,Coloeus_monedula,Coloeus_monedula,monogamy,biparental,monogamy,no,200.5,7,cavity,microsatellite,yes,4,1,Weak,Mono,NA,2,11,NA,NA
487Chamberlain2025,Molothrus_ater,Brown-headed_cowbird,7,NA,NA,NA,40.1983,-87.725,no,microsatellite,NO,2022,2024,3,April,July,Molothrus_ater,Molothrus_ater,Molothrus_ater,Molothrus_ater,no_social_bond,broodparasite,NA,NA,42.75,5,ground,microsatellite,no,3,0,Strong,NA,NA,NA,NA,NA,NA
489Barber2025,Sturnus_vulgaris,European_starling,221,23,62,NA,44.6167,-63.5667,yes,microsatellite,CV,2007,2011,5,April,July,Sturnus_vulgaris,Sturnus_vulgaris,Sturnus_vulgaris,Sturnus_vulgaris,monogamy,biparental,mixed,no,81.03333333,7,cavity,microsatellite,yes,5,0,Weak,Mono,Poly,NA,NA,51,170
490Schilicht2023,Cyanistes_caeruleus,blue_tit,13872,11.7,1583,44.6,48.1406,10.8914,yes,microsatellite,"CV,O",2007,2020,14,March,June,Parus_caeruleus,Parus_caeruleus,Cyanistes_caeruleus,Cyanistes_caeruleus,monogamy,biparental,mixed,no,11.38333333,13,cavity,microsatellite,yes,14,0,Weak,Mono,Poly,706,877,1623,12249
491Raj2020,Acrocephalus_sechellensis,Seychelles_warbler,848,42,NA,NA,-4.3333,55.6667,no,microsatellite,CP,1997,2014,18,June,September,Acrocephalus_sechellensis,Acrocephalus_sechellensis,Acrocephalus_sechellensis,Acrocephalus_sechellensis,cooperative_breeder,cooperation,monogamy,yes,15.9,3,open,microsatellite,no,18,0,Weak,Mono,NA,NA,NA,356,492
492Hsu2017,Passer_domesticus,house_sparrow,3194,17.4,NA,NA,51.1833,-4.6667,yes,microsatellite,"CV,SP,CR",2000,2012,13,April,August,Passer_domesticus,Passer_domesticus,Passer_domesticus,Passer_domesticus,monogamy,biparental,monogamy,yes,27.44,8,cavity,microsatellite,yes,13,0,Weak,Mono,NA,NA,NA,556,2638
493Hałupka2024,Acrocephalus_scirpaceus,Eurasian_reed_warbler,786,13.4,259,21.6,51.5333,17.3333,no,microsatellite,CP,2006,2011,6,May,August,Acrocephalus_scirpaceus,Acrocephalus_scirpaceus,Acrocephalus_scirpaceus,Acrocephalus_scirpaceus,monogamy,biparental,NA,no,12.88333333,5,open,microsatellite,no,6,1,Strong,NA,NA,56,203,105,681
494Gaiotti2020,Antilophia_bokermanni,araripe_manakin,96,NA,60,NA,-7.3875,-40.2161,no,microsatellite,CP,2013,2016,4,NA,NA,Antilophia_bokermanni,Antilophia_bokermanni,Chiroxiphia_bokermanni,Chiroxiphia_bokermanni,monogamy,NA,NA,NA,20.07833333,2,open,microsatellite,no,4,0,Weak,NA,NA,NA,NA,NA,NA
496Koenig2021,Melanerpes_formicivorus,acorn_woodpecker,3460,NA,1017,NA,36.3833,-121.55,no,microsatellite,CV,1986,2016,31,March,NA,Melanerpes_formicivorus,Melanerpes_formicivorus,Melanerpes_formicivorus,Melanerpes_formicivorus,cooperative_breeder,cooperation,mixed,yes,78.5,6,cavity,microsatellite,no,31,0,Weak,Mono,Poly,NA,NA,NA,NA
497Harnandez2021,Tachycineta_bicolor,tree_swallow,NA,NA,71,NA,37.1833,-80.5667,yes,microsatellite,CV,2017,2017,1,March,August,Tachycineta_bicolor,Tachycineta_bicolor,Tachycineta_bicolor,Tachycineta_bicolor,monogamy,biparental,mixed,NA,20.875,8,cavity,microsatellite,yes,1,0,Strong,Mono,Poly,NA,NA,NA,NA
499D'Amelio2024,Philetairus_socius,sociable_weaver,8744,2.2,1275,5.2,-28.8667,24.8333,no,microsatellite,SP,2008,2019,12,September,June,Philetairus_socius,Philetairus_socius,Philetairus_socius,Philetairus_socius,cooperative_breeder,cooperation,monogamy,yes,27.9,6,other_enclosed,microsatellite,no,12,1,Weak,Mono,NA,66,1209,192,8552
502Saunders2018,Calyptorhynchus_latirostris,Carnaby's_cockatoo,44,13.6,22,27.3,NA,NA,no,microsatellite,CV,2003,2013,11,NA,NA,Calyptorhynchus_latirostris,Calyptorhynchus_latirostris,Zanda_latirostris,Zanda_latirostris,monogamy,biparental,monogamy,NA,625,2,cavity,microsatellite,no,11,0,Weak,Mono,NA,6,16,6,38
504Safari2018,Centropus_grillii,black_coucal,251,17,62,50,-8.6833,34.0833,no,microsatellite,SP,2001,2016,16,January,June,Centropus_grillii,Centropus_grillii,Centropus_grillii,Centropus_grillii,polyandry,uniparental,polygamy,no,117.6666667,6,other_enclosed,microsatellite,no,16,0,Weak,NA,Poly,31,31,43,208
504Safari2018,Centropus_superciliosus,white-browed_coucal,265,2.1,68,4.8,-8.6833,NA,no,microsatellite,CP,2001,2016,16,January,June,Centropus_superciliosus,Centropus_superciliosus,Centropus_superciliosus,Centropus_superciliosus,monogamy,biparental,mixed,NA,165,5,open,microsatellite,no,16,0,Weak,Mono,Poly,3,65,6,259
506Rosenfield2024,Accipiter_cooperii,Cooper’s_hawk,444,13.3,120,28.3,NA,NA,no,microsatellite,PL,2011,2015,5,NA,NA,Accipiter_cooperii,Accipiter_cooperii,Astur_cooperii,Astur_cooperii,monogamy,biparental,NA,NA,429.6666667,6,open,microsatellite,no,5,0,Strong,NA,NA,34,86,59,385
508Hajdulk2021,Malurus_cyaneus,superb_fairy-wren,5485,62,1936,62.3,-35.2667,149.1,no,microsatellite,DM,1988,2013,26,August,March,Malurus_cyaneus,Malurus_cyaneus,Malurus_cyaneus,Malurus_cyaneus,cooperative_breeder,cooperation,monogamy,yes,11.33333333,4,ground,microsatellite,no,26,0,Weak,Mono,NA,1206,730,3401,2084
510Mennerat2018,Cyanistes_caeruleus,blue_tit,NA,NA,146,47,43.6667,3.6667,yes,microsatellite,"CV,O",2000,2003,4,NA,NA,Parus_caeruleus,Parus_caeruleus,Cyanistes_caeruleus,Cyanistes_caeruleus,monogamy,biparental,mixed,no,11.38333333,13,cavity,microsatellite,yes,4,0,Weak,Mono,Poly,69,77,NA,NA
511Bried2021,Bulweria_bulwerii,Bulwer’s_petrel,37,0,28,0,36.9167,-25.1667,no,microsatellite,"BU,CR",2002,2004,3,NA,NA,Bulweria_bulwerii,Bulweria_bulwerii,Bulweria_bulwerii,Bulweria_bulwerii,monogamy,biparental,monogamy,NA,103.1666667,1,cavity,microsatellite,no,3,1,Weak,Mono,NA,0,28,0,37
512Ding2021,Prinia_flaviventris,yellow-bellied_prinia,56,8.93,13,23,23.65,107.0667,no,SNPs,DM,2013,2013,1,May,July,Prinia_flaviventris,Prinia_flaviventris,Prinia_flaviventris,Prinia_flaviventris,monogamy,biparental,NA,NA,8.7,4,ground,SNPs,no,1,0,Weak,NA,NA,3,10,5,51
515Dunning2024,Passer_domesticus,house_sparrow,4963,18.8,1403,NA,51.11,-4.4,yes,microsatellite,"CV,SP,CR",2000,2019,20,NA,NA,Passer_domesticus,Passer_domesticus,Passer_domesticus,Passer_domesticus,monogamy,biparental,monogamy,yes,27.44,8,cavity,microsatellite,yes,20,0,Weak,Mono,NA,NA,NA,933,4030
518Diniz2019,Furnarius_rufus,rufous_hornero,120,3.33,46,6.52,-15.76,-47.86,no,SNPs,DM,2013,2015,3,September,November,Furnarius_rufus,Furnarius_rufus,Furnarius_rufus,Furnarius_rufus,monogamy,biparental,monogamy,NA,48,5,ground,SNPs,no,3,0,Weak,Mono,NA,3,43,4,116
520Skujina2021,Pandion_haliaetus,osprey,43,0,5,0,NA,NA,yes,microsatellite,PL,2015,2019,5,NA,NA,Pandion_haliaetus,Pandion_haliaetus,Pandion_haliaetus,Pandion_haliaetus,monogamy,biparental,mixed,NA,1510,4,open,microsatellite,yes,5,1,Strong,Mono,Poly,0,5,0,43
521Ferretti2018,Tachycineta_leucorrhoa,white-rumped_swallow,342,56,78,77,-35.5667,-58.0167,yes,microsatellite,CV,2006,2008,3,September,January,Tachycineta_leucorrhoa,Tachycineta_leucorrhoa,Tachycineta_leucorrhoa,Tachycineta_leucorrhoa,monogamy,biparental,NA,NA,17.6,7,cavity,microsatellite,yes,3,0,Strong,NA,NA,60,18,192,150
522Garant2018,Tachycineta_bicolor,tree_swallow,NA,52.3,NA,NA,45,-72,yes,microsatellite,CV,2012,2015,4,May,July,Tachycineta_bicolor,Tachycineta_bicolor,Tachycineta_bicolor,Tachycineta_bicolor,monogamy,biparental,mixed,NA,20.875,8,cavity,microsatellite,yes,4,0,Strong,Mono,Poly,NA,NA,NA,NA
525Garrido2025,Cistothorus_platensis,grass_wren,155,47.22,36,23.23,NA,NA,no,SNPs,SP,2016,2017,2,October,February,Cistothorus_platensis,Cistothorus_platensis,Cistothorus_stellaris,Cistothorus_stellaris,monogamy,uniparental,polygamy,no,8.366666667,8,other_enclosed,SNPs,no,2,0,Weak,NA,Poly,8,28,73,82
526LaBarbera2019,Junco_hyemalis,dark-eyed_junco,165,25,60,38,38.25,-120,no,microsatellite,"BU,CR,O,CP",2013,2014,2,May,September,Junco_hyemalis,Junco_hyemalis,Junco_hyemalis,Junco_hyemalis,monogamy,biparental,NA,NA,20.53333333,5,cavity,microsatellite,no,2,0,Strong,NA,NA,23,37,41,124
532Kleven2025,Parus_major,great_tit,192,4.7,26,19.2,69.4667,-29.8333,yes,microsatellite,CV,2016,2022,7,May,June,Parus_major,Parus_major,Parus_major,Parus_major,monogamy,biparental,monogamy,no,18.36666667,18,cavity,microsatellite,yes,7,0,Weak,Mono,NA,5,21,9,183
533Kleven2019,Turdus_pilaris,fieldfare,123,27.6,28,46.4,63.7333,11.3167,no,microsatellite,CP,2017,2018,2,May,June,Turdus_pilaris,Turdus_pilaris,Turdus_pilaris,Turdus_pilaris,monogamy,biparental,monogamy,NA,111,6,open,microsatellite,no,2,1,Strong,Mono,NA,13,15,34,89
534Knief2020,Corvus_corone/cornix,carrion_crow,152,2.9,55,6.98,NA,NA,no,SNPs,PL,2007,2014,8,May,June,Corvus_corone,Corvus_corone,Corvus_corone,Corvus_corone,monogamy_cooperative_breeder,cooperation,monogamy,yes,527.8333333,5,open,SNPs,no,8,0,Weak,Mono,NA,4,51,4,148
538Reitsma2018,Cardellina_canadensis,Canada_warbler,185,41.6,61,57.4,43.6667,-72.05,no,microsatellite,CP,2005,2010,6,NA,NA,Wilsonia_canadensis,Wilsonia_canadensis,Cardellina_canadensis,Cardellina_canadensis,monogamy,biparental,mixed,NA,10.8,6,open,microsatellite,no,6,0,Strong,Mono,Poly,35,26,77,108
539Sánchez2018,Poospiza_torquata,ringed_warbling-finch,92,20.65,35,42.86,-28.05,-64.25,no,microsatellite,CP,2008,2011,4,October,January,Poospiza_torquata,Poospiza_torquata,Microspingus_torquatus,Microspingus_torquatus,monogamy,NA,NA,NA,10.83333333,4,open,microsatellite,no,4,0,Weak,NA,NA,15,20,19,73
540Ledwoń2022,Chlidonias_hybrida,whiskered_tern,140,NA,56,NA,50,19.43,no,microsatellite,"O,PL",2006,2015,10,June,August,Chlidonias_hybrida,Chlidonias_hybrida,Chlidonias_hybrida,Chlidonias_hybrida,monogamy,biparental,monogamy,NA,84.5,3,open,microsatellite,no,10,1,Strong,Mono,NA,NA,NA,NA,NA
546Goretskaia2024,Phylloscopus_sibilatrix,wood_warbler,212,24.5,39,41,55.6833,36.7167,no,microsatellite,SP,2009,2015,7,May,NA,Phylloscopus_sibilatrix,Phylloscopus_sibilatrix,Phylloscopus_sibilatrix,Phylloscopus_sibilatrix,monogamy,biparental,mixed,NA,10.7,10,other_enclosed,microsatellite,no,7,0,Strong,Mono,Poly,16,23,52,160
560Botero2020,Aphrastura_spinicauda,thorn-tailed_rayadito,360,13.9,140,20.7,-30.6333,-71.6667,yes,microsatellite,"CR,CV",2012,2017,6,September,December,Aphrastura_spinicauda,Aphrastura_spinicauda,Aphrastura_spinicauda,Aphrastura_spinicauda,monogamy,biparental,monogamy,NA,11.025,5,cavity,microsatellite,yes,6,0,Weak,Mono,NA,29,111,50,310
560Botero2020,Aphrastura_spinicauda,thorn-tailed_rayadito,535,5.8,126,14.3,-55.0667,-67.6667,yes,microsatellite,"CR,CV",2010,2015,6,October,January,Aphrastura_spinicauda,Aphrastura_spinicauda,Aphrastura_spinicauda,Aphrastura_spinicauda,monogamy,biparental,monogamy,NA,11.025,5,cavity,microsatellite,yes,6,0,Weak,Mono,NA,18,108,31,504
550Plaza2024,Ficedula_hypoleuca,pied_flycatcher,1002,24.25,189,37.56,40,-3,yes,microsatellite,CP,2015,2017,3,April,July,Ficedula_hypoleuca,Ficedula_hypoleuca,Ficedula_hypoleuca,Ficedula_hypoleuca,monogamy,biparental,mixed,no,14.21666667,10,open,microsatellite,yes,3,0,Strong,Mono,Poly,71,118,243,759
551Michálková2019,Hirundo_rustica,European_barn_swallow,694,19.8,160,51.2,49.0667,14.7,no,microsatellite,CP,2010,2013,4,NA,NA,Hirundo_rustica,Hirundo_rustica,Hirundo_rustica,Hirundo_rustica,monogamy,biparental,monogamy,no,19.35,7,open,microsatellite,no,4,1,Strong,Mono,NA,82,78,137,557
552DiLecce2023,Cyanistes_caeruleus,blue_tit,197,8,30,37,52.2833,20.95,no,SNPs,"CV,O",2018,2019,2,March,May,Parus_caeruleus,Parus_caeruleus,Cyanistes_caeruleus,Cyanistes_caeruleus,monogamy,biparental,mixed,no,11.38333333,13,cavity,SNPs,no,2,0,Weak,Mono,Poly,11,19,16,181
552DiLecce2023,Cyanistes_caeruleus,blue_tit,237,12,37,46,52.2833,20.95,yes,SNPs,"CV,O",2018,2019,2,March,May,Parus_caeruleus,Parus_caeruleus,Cyanistes_caeruleus,Cyanistes_caeruleus,monogamy,biparental,mixed,no,11.38333333,13,cavity,SNPs,yes,2,0,Weak,Mono,Poly,17,20,28,209
552DiLecce2023,Parus_major,great_tit,179,11,32,38,52.2833,20.95,no,SNPs,CV,2018,2019,2,March,May,Parus_major,Parus_major,Parus_major,Parus_major,monogamy,biparental,monogamy,no,18.36666667,18,cavity,SNPs,no,2,0,Weak,Mono,NA,12,20,20,159
552DiLecce2023,Parus_major,great_tit,189,16,26,62,52.2833,20.95,yes,SNPs,CV,2018,2019,2,March,May,Parus_major,Parus_major,Parus_major,Parus_major,monogamy,biparental,monogamy,no,18.36666667,18,cavity,SNPs,yes,2,0,Weak,Mono,NA,16,10,30,159
554Lifjeld2025,Periparus_ater,coal_tit,213,32,25,84,59.9833,10.6,yes,microsatellite,"CP,CV",1989,1989,1,April,July,Parus_ater,Parus_ater,Periparus_ater,Periparus_ater,monogamy,biparental,monogamy,NA,8.916666667,13,cavity,microsatellite,yes,1,0,Weak,Mono,NA,21,4,68,145
555Costanzo2017,Hirundo_rustica,barn_swallow,720,14.3,190,21.6,45.4667,9.1833,no,microsatellite,CP,2013,2015,3,NA,NA,Hirundo_rustica,Hirundo_rustica,Hirundo_rustica,Hirundo_rustica,monogamy,biparental,monogamy,no,19.35,7,open,microsatellite,no,3,1,Strong,Mono,NA,41,149,103,617
556Grunst2019,Zonotrichia_albicollis,white-throated_sparrow,1532,15.7,412,30.6,44.0833,-74.8333,no,microsatellite,CP,1998,2014,17,May,August,Zonotrichia_albicollis,Zonotrichia_albicollis,Zonotrichia_albicollis,Zonotrichia_albicollis,monogamy,biparental,NA,no,27.48333333,7,open,microsatellite,no,17,0,Strong,NA,NA,126,286,241,1291
529Hajdasz2019,Setophaga_ruticilla,American_redstart,414,28,106,44.3,44.5,-76.3,no,microsatellite,CP,2004,2011,8,May,July,Setophaga_ruticilla,Setophaga_ruticilla,Setophaga_ruticilla,Setophaga_ruticilla,monogamy,biparental,monogamy,NA,8.275,5,open,microsatellite,no,8,0,Strong,Mono,NA,47,59,116,298
557Ortega2023,Sula_nebouxii,blue-footed_booby,820,6.6,449,NA,21.8497,-105.882,no,microsatellite,NA,2011,2011,1,February,May,Sula_nebouxii,Sula_nebouxii,Sula_nebouxii,Sula_nebouxii,monogamy,biparental,NA,NA,1590,3,NA,microsatellite,no,1,1,Weak,NA,NA,NA,NA,54,766
531deMendonça Dantas2020,Pygoscelis_papua,gentoo_penguin,80,48.75,40,72.5,-61.2167,-55.35,no,microsatellite,NA,2012,2013,2,November,January,Pygoscelis_papua,Pygoscelis_papua,Pygoscelis_papua,Pygoscelis_papua,monogamy,biparental,NA,NA,6225,2,NA,microsatellite,no,2,1,Weak,NA,NA,29,11,39,41
535LaPergola2022,Melanoptila_glabrirostris,black_catbird,38,21,23,30,20,-87,no,SNPs,CP,2008,2009,2,May,August,Melanoptila_glabrirostris,Melanoptila_glabrirostris,Melanoptila_glabrirostris,Melanoptila_glabrirostris,monogamy,NA,mixed,no,36.11666667,3,open,SNPs,no,2,0,Weak,Mono,Poly,7,16,8,30
536Zhang2025,Turdus_mandarinus,Chinese_blackbird,284,17.6,69,63.76,28.1667,115.45,no,microsatellite,CP,2017,2020,4,March,July,Turdus_philomelos,Turdus_philomelos,Turdus_philomelos,Turdus_philomelos,monogamy,biparental,monogamy,NA,73.83333333,5,open,microsatellite,no,4,0,Strong,Mono,NA,44,25,50,234
559Krietsch2022,Phalaropus_fulicarius,red_phalarope,1182,4,334,11,71.3167,-156.65,no,microsatellite,SC,2003,2019,17,May,July,Phalaropus_fulicarius,Phalaropus_fulicarius,Phalaropus_fulicarius,Phalaropus_fulicarius,polyandry,uniparental,mixed,NA,60.1,4,ground,microsatellite,no,17,0,Strong,Mono,Poly,37,297,47,1135
542Sakao2019,Calonectris_leucomelas,streaked_shearwater,113,15.04,113,15,39.4,141.99,no,microsatellite,BU,2014,2016,3,April,November,Calonectris_leucomelas,Calonectris_leucomelas,Calonectris_leucomelas,Calonectris_leucomelas,monogamy,biparental,monogamy,NA,530.5,1,cavity,microsatellite,no,3,1,Strong,Mono,NA,17,96,17,96
543Indykiewicz2017,Chroicocephalus_ridibundus,black-headed_gull,102,0,34,0,53.25,18.0333,no,microsatellite,SC,2016,2016,1,April,May,Larus_ridibundus,Larus_ridibundus,Chroicocephalus_ridibundus,Chroicocephalus_ridibundus,monogamy,biparental,monogamy,NA,261,3,ground,microsatellite,no,1,1,Weak,Mono,NA,0,34,0,102
544Kleven2020,Poecile_cinctus,grey-headed_chickadee,203,16.7,27,40.7,69.4667,-29.8333,yes,microsatellite,PL,2013,2018,6,June,June,Parus_cinctus,Parus_cinctus,Poecile_cinctus,Poecile_cinctus,monogamy,biparental,monogamy,NA,12.4,11,open,microsatellite,yes,6,0,Weak,Mono,NA,11,16,34,169
548Bao2019,Lanius_isabellinus,Isabelline_shrike,206,1.46,61,4.92,40.3667,96.2333,no,microsatellite,CP,2012,2014,3,NA,NA,Lanius_isabellinus,Lanius_isabellinus,Lanius_isabellinus,Lanius_isabellinus,monogamy,biparental,NA,NA,29.75,7,open,microsatellite,no,3,0,Strong,NA,NA,3,58,3,203
548Bao2019,Passer_ammodendri,saxaul_sparrow,392,11.22,85,38.82,40.3667,96.2333,yes,microsatellite,"DM,CV",2014,2014,1,NA,NA,Passer_ammodendri,Passer_ammodendri,Passer_ammodendri,Passer_ammodendri,monogamy,biparental,NA,NA,27.025,6,cavity,microsatellite,yes,1,1,Weak,NA,NA,33,52,44,348
549Barati2018,Manorina_melanocephala,noisy_miner,75,14,29,27,-30.4167,151.6333,no,microsatellite,CP,2013,2015,3,August,November,Manorina_melanocephala,Manorina_melanocephala,Manorina_melanocephala,Manorina_melanocephala,cooperative_breeder,cooperation,NA,yes,66.65,4,open,microsatellite,no,3,1,Weak,NA,NA,8,21,10,65
553Magonyi2012,Falco_vespertinus,red-footed_falcon,97,2.06,37,2.7,NA,NA,yes,microsatellite,O,2008,2015,8,NA,NA,Falco_vespertinus,Falco_vespertinus,Falco_vespertinus,Falco_vespertinus,monogamy,biparental,monogamy,NA,163.75,5,open,microsatellite,yes,8,1,Strong,Mono,NA,1,36,2,95
561Leitão2021,Malurus_amabilis,lovely_fairy-wren,58,53,29,58,-16.87,145.75,no,microsatellite,PN,2013,2017,5,August,November,Malurus_amabilis,Malurus_amabilis,Malurus_amabilis,Malurus_amabilis,cooperative_breeder,cooperation,monogamy,yes,9.583333333,3,other_enclosed,microsatellite,no,5,0,Weak,Mono,NA,17,12,31,27
563Cousseau2020,Phyllastrephus_placidus,placid_greenbul,237,46,137,54,-3.4167,38.3333,no,microsatellite,CP,2007,2015,9,NA,NA,Phyllastrephus_cabanisi,Phyllastrephus_cabanisi,Phyllastrephus_cabanisi,Phyllastrephus_cabanisi,cooperative_breeder,cooperation,monogamy,yes,30.25,3,open,microsatellite,no,9,0,Weak,Mono,NA,74,63,109,128
564Anderson2025,Sula_granti,Nazca_booby,22,0,17,0,-1.3833,-89.6167,no,DNA_fingerprinting,NA,2001,2002,2,October,January,Sula_granti,Sula_granti,Sula_granti,Sula_granti,monogamy,NA,NA,no,1752.5,2,NA,DNA_fingerprinting,no,2,1,Weak,NA,NA,0,17,0,22
565Lavretsky2023,Anas_rubripes,American_black_duck,172,NA,19,37,35.372,-76.358,no,SNPs,SC,2020,2021,2,March,July,Anas_rubripes,Anas_rubripes,Anas_rubripes,Anas_rubripes,monogamy,uniparental,monogamy,NA,1211.25,17,ground,SNPs,no,2,0,Weak,Mono,NA,7,12,NA,NA
567Alfonso2021,Mycteria_americana,Wood_stork,27,74,11,18,22.127,-81.229,no,microsatellite,NA,NA,NA,#VALUE!,NA,NA,Mycteria_americana,Mycteria_americana,Mycteria_americana,Mycteria_americana,monogamy,biparental,monogamy,NA,2655,5,NA,microsatellite,no,NA,1,Weak,Mono,NA,2,9,20,7
569Hauber2018,Morus_serrator,Australasian_Gannet,34,11.8,30,1.333,-39.6333,177.0833,no,DNA_fingerprinting,M,2005,2005,1,November,December,Morus_serrator,Morus_serrator,Morus_serrator,Morus_serrator,monogamy,biparental,NA,NA,2512.5,1,ground,DNA_fingerprinting,no,1,1,Weak,NA,NA,0,30,4,30
570Benitez2019,Sicalis_flaveola_pelzelni,Saffron_Finch,198,31.8,54,51.8,-35.5667,-58.0167,yes,microsatellite,"CP,CV,O",2013,2016,4,October,March,Sicalis_flaveola,Sicalis_flaveola,Sicalis_flaveola,Sicalis_flaveola,monogamy,biparental,NA,NA,17.7,4,cavity,microsatellite,yes,4,0,Weak,NA,NA,28,26,63,135
571Gill2020,Corvus_monedula,Jackdaw,65,0,16,NA,NA,NA,yes,microsatellite,CV,2017,2017,1,April,June,Corvus_monedula,Corvus_monedula,Coloeus_monedula,Coloeus_monedula,monogamy,biparental,monogamy,no,200.5,7,cavity,microsatellite,yes,1,1,Weak,Mono,NA,NA,NA,0,65
572Sakamoto2023,Passer_montanus,Eurasian_tree_sparrow,91,NA,29,58.6,43.0667,141.3333,yes,microsatellite,"CV,BU",2019,2020,2,March,August,Passer_montanus,Passer_montanus,Passer_montanus,Passer_montanus,monogamy,biparental,monogamy,NA,23.33333333,9,cavity,microsatellite,yes,2,0,Weak,Mono,NA,17,12,NA,NA
573LaBarbera2017,Troglodytes_aedon,house_wren,105,2,23,NA,42.4686,-76.4492,yes,microsatellite,"CV,O,CR",2009,2009,1,April,August,Troglodytes_aedon,Troglodytes_aedon,Troglodytes_aedon,Troglodytes_aedon,monogamy,biparental,mixed,NA,11.13333333,8,cavity,microsatellite,yes,1,0,Weak,Mono,Poly,NA,NA,2,103
574Cava2019,Passerculus_sandwichensis,savannah_sparrow,43,63,NA,NA,44.3946,-73.166,no,microsatellite,CP,2002,2014,13,May,August,Passerculus_sandwichensis,Passerculus_sandwichensis,Passerculus_sandwichensis,Passerculus_sandwichensis,monogamy,biparental,polygamy,NA,21.4,6,open,microsatellite,no,13,0,Strong,NA,Poly,NA,NA,27,16
575Dobson2019,Cracticus_tibicen,Australian_magpie,317,36,NA,NA,NA,NA,no,microsatellite,HC,1993,2010,18,NA,NA,Gymnorhina_tibicen,Gymnorhina_tibicen,Gymnorhina_tibicen,Gymnorhina_tibicen,cooperative_breeder,cooperation,NA,yes,294.6666667,5,open,microsatellite,no,18,0,Weak,NA,NA,NA,NA,114,203
577Corregidor2022,Petronia_petronia,rock_sparrow,199,12.4,51,18.1,40.9,-4.0167,yes,microsatellite,"CR,DM",2016,2018,3,NA,NA,Petronia_petronia,Petronia_petronia,Petronia_petronia,Petronia_petronia,monogamy,biparental,polygamy,NA,32.5,8,cavity,microsatellite,yes,3,0,Weak,NA,Poly,9,42,25,174
581Gao2018,Cyanopica_cyana,Azure-winged_magpie,1013,13,286,39.5,34.6,102.5,no,microsatellite,CP,2011,2016,6,April,September,Cyanopica_cyanus,Cyanopica_cyanus,Cyanopica_cyanus,Cyanopica_cyanus,monogamy,cooperation,monogamy,NA,96.5,7,open,microsatellite,no,6,1,Weak,Mono,NA,113,173,132,881
580Wang2021,Poecile_palustris,marsh_tit,325,15.08,44,45.45,NA,NA,yes,microsatellite,CV,2012,2019,8,March,July,Parus_palustris,Parus_palustris,Poecile_palustris,Poecile_palustris,monogamy,biparental,mixed,NA,11.95,11,cavity,microsatellite,yes,8,0,Weak,Mono,Poly,20,24,49,276
583Pipoly2019,Parus_major,great_tit,851,7,86,37,46.9586,17.8929,yes,microsatellite,CV,2012,2014,3,March,June,Parus_major,Parus_major,Parus_major,Parus_major,monogamy,biparental,monogamy,no,18.36666667,18,cavity,microsatellite,yes,3,0,Weak,Mono,NA,32,54,60,791
590Ursino2017,Agelaioides_badius,grayish_baywing,153,13,47,38,-35.13,-57.38,yes,microsatellite,"CV,DM,O",2006,2014,9,November,February,Agelaioides_badius,Agelaioides_badius,Agelaioides_badius,Agelaioides_badius,monogamy,cooperation,monogamy,yes,46.15,5,cavity,microsatellite,yes,9,0,Weak,Mono,NA,18,29,20,133
591Hitt2023,Mimus_polyglottos,Northern_mockingbird,NA,NA,48,33.3,NA,NA,no,SNPs,CP,2016,2018,3,March,August,Mimus_polyglottos,Mimus_polyglottos,Mimus_polyglottos,Mimus_polyglottos,monogamy,biparental,mixed,no,48.15,6,open,SNPs,no,3,0,Strong,Mono,Poly,16,32,NA,NA
594Arrieta2022,Cistothorus_platensis,grass_wren,319,19,73,45,-32.6333,-69.3667,no,SNPs,SP,2015,2017,3,October,February,Cistothorus_platensis,Cistothorus_platensis,Cistothorus_stellaris,Cistothorus_stellaris,monogamy,uniparental,polygamy,no,8.366666667,8,other_enclosed,SNPs,no,3,0,Weak,NA,Poly,33,40,61,258
595Li2021,Parus_varius,varied_tit,549,16.4,80,39.5,40.02,122.94,yes,microsatellite,NA,2011,2018,8,April,July,Parus_varius,Parus_varius,Sittiparus_varius,Sittiparus_varius,monogamy,biparental,monogamy,NA,17.325,8,NA,microsatellite,yes,8,0,Weak,Mono,NA,32,48,90,459
596Cepková2022,Alcedo_atthis,Common_kingfisher,548,1.09,87,3.45,47.9919,17.3367,no,microsatellite,BU,2016,2018,3,March,September,Alcedo_atthis,Alcedo_atthis,Alcedo_atthis,Alcedo_atthis,monogamy,biparental,mixed,NA,31,10,cavity,microsatellite,no,3,0,Weak,Mono,Poly,3,84,6,542
597Mingju2017,Ficedula_zanthopygia,Yellow-rumped_flycatcher,325,22.15,64,54.7,NA,NA,yes,microsatellite,CP,2011,2013,3,NA,NA,Ficedula_zanthopygia,Ficedula_zanthopygia,Ficedula_zanthopygia,Ficedula_zanthopygia,monogamy,biparental,NA,NA,12.33333333,8,open,microsatellite,yes,3,0,Strong,NA,NA,35,29,72,253
598Wysocki2023,Turdus_merula,European_blackbird,123,13.1,36,17.1,53.4333,14.55,no,microsatellite,CP,2016,2020,5,March,August,Turdus_merula,Turdus_merula,Turdus_merula,Turdus_merula,monogamy,biparental,monogamy,NA,106.6166667,5,open,microsatellite,no,5,0,Weak,Mono,NA,6,30,16,107
599Karpinska2025,Erithacus_rubecula,European_robin,NA,5.1,70,5.7,52.715,23.935,no,microsatellite,CP,2018,2019,2,March,June,Erithacus_rubecula,Erithacus_rubecula,Erithacus_rubecula,Erithacus_rubecula,monogamy,biparental,monogamy,NA,18.11666667,7,open,microsatellite,no,2,0,Strong,Mono,NA,4,66,NA,NA
593Costanzo2017,Hirundo_rustica,barn_swallow,425,12.7,167,34.7,NA,NA,no,microsatellite,CP,2013,2015,3,NA,NA,Hirundo_rustica,Hirundo_rustica,Hirundo_rustica,Hirundo_rustica,monogamy,biparental,monogamy,no,19.35,7,open,microsatellite,no,3,1,Strong,Mono,NA,58,109,54,371
601Mikami2021,Pomatostomus_temporalis_rubecula,grey-crowned_babbler,87,10.3,26,NA,-13,131.1333,no,microsatellite,DM,2002,2008,7,July,December,Pomatostomus_temporalis,Pomatostomus_temporalis,Pomatostomus_temporalis,Pomatostomus_temporalis,cooperative_breeder,cooperation,monogamy,yes,72.5,6,ground,microsatellite,no,7,0,Weak,Mono,NA,NA,NA,9,78
604Dickerson2023,Rhipidura_leucophrys,willie_wagtail,28,11,14,14,NA,NA,no,SNPs,CP,2016,2019,4,August,January,Rhipidura_leucophrys,Rhipidura_leucophrys,Rhipidura_leucophrys,Rhipidura_leucophrys,monogamy,biparental,monogamy,NA,21.94,4,open,SNPs,no,4,0,Weak,Mono,NA,2,12,3,25
609Bojarska2018,Gerygone_flavolateralis,fan-tailed_gerygone,69,8.7,36,16.6,-21.6167,165.75,no,microsatellite,PN,2011,2018,8,September,January,Gerygone_flavolateralis,Gerygone_flavolateralis,Gerygone_flavolateralis,Gerygone_flavolateralis,monogamy,biparental,NA,NA,6,3,other_enclosed,microsatellite,no,8,0,Weak,NA,NA,6,30,6,63
608Brewer2025,Melospiza_melodia,song_sparrow,117,27.4,45,35.6,37,-80,no,microsatellite,CP,2018,2019,2,March,July,Melospiza_melodia,Melospiza_melodia,Melospiza_melodia,Melospiza_melodia,monogamy,biparental,mixed,NA,25.46666667,6,open,microsatellite,no,2,0,Weak,Mono,Poly,16,29,32,85
610Li2024,Grus_nigricollis,Black-necked_crane,48,16.6,NA,NA,NA,NA,no,microsatellite,HC,2017,2020,4,March,October,Grus_nigricollis,Grus_nigricollis,Grus_nigricollis,Grus_nigricollis,monogamy,biparental,NA,NA,6000,2,open,microsatellite,no,4,0,Strong,NA,NA,NA,NA,8,40
611Horníček2017,Aegolius_funereus,Tengmalm's_owl,171,2.3,46,6.5,50.9333,13.9667,yes,microsatellite,CV,2006,2010,5,March,August,Aegolius_funereus,Aegolius_funereus,Aegolius_funereus,Aegolius_funereus,monogamy,biparental,mixed,NA,137.75,6,cavity,microsatellite,yes,5,0,Weak,Mono,Poly,3,43,4,167
612Forsdick2021,Petroica_traversi,Chatham_island_black_robin,60,2,35,2,-44.3465,-176.172,NA,microsatellite,CP,2008,2011,4,NA,NA,Petroica_traversi,Petroica_traversi,Petroica_traversi,Petroica_traversi,monogamy,biparental,NA,NA,22.75,3,open,microsatellite,NA,4,0,Weak,NA,NA,1,34,1,59
613White2021,Dolichonyx_oryzivorus,bobolink,120,42,40,57.5,44.3921,-73.2731,no,microsatellite,CP,2002,2018,17,May,July,Dolichonyx_oryzivorus,Dolichonyx_oryzivorus,Dolichonyx_oryzivorus,Dolichonyx_oryzivorus,monogamy,pair,polygamy,no,36.9,7,open,microsatellite,no,17,0,Strong,NA,Poly,23,17,50,70
614Lyon2022,Calamospiza_melanocorys,lark_bunting,492,27.4,148,49.7,40.6333,-104.483,no,microsatellite,CP,1999,2003,5,May,July,Calamospiza_melanocorys,Calamospiza_melanocorys,Calamospiza_melanocorys,Calamospiza_melanocorys,monogamy,nk_cooperation,mixed,NA,38.56666667,6,open,microsatellite,no,5,0,Strong,Mono,Poly,74,74,135,357
616Marasco2020,Spheniscus_magellanicus,magellanic_penguin,88,0.31,44,48,-47.75,-65.8833,no,microsatellite,BU,2010,2011,2,September,April,Spheniscus_magellanicus,Spheniscus_magellanicus,Spheniscus_magellanicus,Spheniscus_magellanicus,monogamy,biparental,monogamy,NA,4585,2,cavity,microsatellite,no,2,1,Weak,Mono,NA,21,23,0,88
618Rivers2020,Chiroxiphia_lanceolata,lance-tailed_manakin,930,NA,465,14,8.2,-82.2,no,microsatellite,PN,2000,2013,14,February,June,Chiroxiphia_lanceolata,Chiroxiphia_lanceolata,Chiroxiphia_lanceolata,Chiroxiphia_lanceolata,lekking,uniparental,polygamy,NA,17.23333333,2,other_enclosed,microsatellite,no,14,0,Weak,NA,Poly,65,400,NA,NA
622Wei2025,Pseudopodoces_humilis,Tibetan_ground_tit,1354,NA,NA,33.2,30.55,97.1,no,microsatellite,NA,2013,2020,8,May,July,Pseudopodoces_humilis,Pseudopodoces_humilis,Pseudopodoces_humilis,Pseudopodoces_humilis,cooperative_breeder,cooperation,NA,yes,45.5,6,NA,microsatellite,no,8,0,Weak,NA,NA,NA,NA,NA,NA
623Gyarmathy2025,Ficedula_albicollis,collared_flycatcher,278,0.23,44,63.6,47.7167,19.0167,yes,microsatellite,CP,2017,2018,2,April,NA,Ficedula_albicollis,Ficedula_albicollis,Ficedula_albicollis,Ficedula_albicollis,monogamy,biparental,mixed,no,12.23333333,9,open,microsatellite,yes,2,0,Strong,Mono,Poly,28,16,1,277
625vanderVelde2022,Baeolophus_atricristatus,black-crested_titmouse,NA,NA,NA,NA,29.6875,-98.3303,yes,microsatellite,NA,2018,2018,1,May,July,Baeolophus_atricristatus,Baeolophus_atricristatus,Baeolophus_atricristatus,Baeolophus_atricristatus,monogamy,biparental,NA,NA,17.08333333,7,NA,microsatellite,yes,1,0,Weak,NA,NA,NA,NA,NA,NA
626Morosse2025,Hirundo_rustica_erythrogaster,North_American_barn_swallow,155,NA,47,NA,40.4575,-82.6372,no,SNPs,CP,2022,2022,1,NA,NA,Hirundo_rustica,Hirundo_rustica,Hirundo_rustica,Hirundo_rustica,monogamy,biparental,monogamy,no,19.35,7,open,SNPs,no,1,1,Strong,Mono,NA,NA,NA,NA,NA
627Woltmann2023,Ammospiza_maritima,seaside_sparrow,153,NA,50,32,NA,NA,no,microsatellite,CP,2012,2017,6,March,June,Ammodramus_maritimus,Ammodramus_maritimus,Ammospiza_maritima,Ammospiza_maritima,monogamy,biparental,monogamy,NA,24.225,5,open,microsatellite,no,6,0,Weak,Mono,NA,16,34,NA,NA
629LaPergola2022,Melanerpes_striatus,hispaniolan_woodpecker,307,0,101,0,19.1167,-70.5667,no,SNPs,CV,2012,2017,6,April,July,Melanerpes_striatus,Melanerpes_striatus,Melanerpes_striatus,Melanerpes_striatus,cooperative_breeder,biparental,NA,NA,75.75,6,cavity,SNPs,no,6,1,Weak,NA,NA,0,101,0,307
630Eastwood2018,Platycercus_elegans,crimson_rosella,185,0,42,0,NA,NA,yes,microsatellite,CV,2004,2016,13,NA,NA,Platycercus_elegans,Platycercus_elegans,Platycercus_elegans,Platycercus_elegans,monogamy,biparental,monogamy,NA,128.6666667,7,cavity,microsatellite,yes,13,0,Weak,Mono,NA,0,42,0,185
632Roth2019,Parus_major,great_tit,NA,NA,160,31,51.7667,-1.3333,yes,microsatellite,CV,2005,2007,3,April,July,Parus_major,Parus_major,Parus_major,Parus_major,monogamy,biparental,monogamy,no,18.36666667,18,cavity,microsatellite,yes,3,0,Weak,Mono,NA,50,110,NA,NA
633Bonderud2018,Poecile_gambeli,mountain_chickadee,252,17.9,44,43.2,50.6745,-120.327,yes,microsatellite,NA,2014,2016,3,May,July,Parus_gambeli,Parus_gambeli,Poecile_gambeli,Poecile_gambeli,monogamy,biparental,monogamy,NA,11.5,9,NA,microsatellite,yes,3,0,Weak,Mono,NA,19,25,45,207
636Boersma2023,Malurus_lamberti,variegated_fairywren,357,60,130,80,-27.2667,152.6833,no,SNPs,DM,2014,2017,4,August,January,Malurus_lamberti,Malurus_lamberti,Malurus_lamberti,Malurus_lamberti,cooperative_breeder,cooperation,monogamy,yes,7.725,4,ground,SNPs,no,4,0,Weak,Mono,NA,104,26,214,143
639Llanes2019,Platalea_ajaja,roseate_spoonbill,62,NA,24,46,20,-76,no,microsatellite,PL,NA,NA,#VALUE!,NA,NA,Platalea_ajaja,Platalea_ajaja,Platalea_ajaja,Platalea_ajaja,monogamy,biparental,monogamy,NA,1475,7,open,microsatellite,no,NA,1,Weak,Mono,NA,11,13,NA,NA
640Wells2017,Prosthemadera_novaeseelandiae,tui,152,57,53,72,-36.3667,174.8333,no,microsatellite,HC,2009,2012,4,October,February,Prosthemadera_novaeseelandiae,Prosthemadera_novaeseelandiae,Prosthemadera_novaeseelandiae,Prosthemadera_novaeseelandiae,monogamy,biparental,NA,NA,135.5,5,open,microsatellite,no,4,0,Weak,NA,NA,38,15,87,65
641nomano2023,Lanius_bucephalus,bull-headed_shrike,214,NA,52,NA,25.8333,131.2333,no,microsatellite,CP,2008,2008,1,February,August,Lanius_bucephalus,Lanius_bucephalus,Lanius_bucephalus,Lanius_bucephalus,monogamy,biparental,monogamy,NA,42.35,7,open,microsatellite,no,1,0,Strong,Mono,NA,NA,NA,NA,NA
642Reid2020,Melospiza_melodia,song_sparrow,NA,28.8,1177,44,48.6,-123.3,no,microsatellite,CP,1993,2016,24,March,August,Melospiza_melodia,Melospiza_melodia,Melospiza_melodia,Melospiza_melodia,monogamy,biparental,mixed,NA,25.46666667,6,open,microsatellite,no,24,0,Weak,Mono,Poly,518,659,NA,NA
643Nava2017,Hydrobates_monteiroi,Monteiro’s_storm-petrel,71,2.8,56,3.6,39.05,-27.95,yes,microsatellite,"BU,CR",2000,2015,16,April,September,Oceanodroma_castro,Oceanodroma_castro,Hydrobates_castro,Hydrobates_castro,monogamy,biparental,monogamy,NA,49.25,1,cavity,microsatellite,yes,16,1,Strong,Mono,NA,2,54,2,69
644Johnson2018,Malurus_lamberti,variegated_fairywren,332,39.76,120,55,-34.35,139.4833,no,microsatellite,DM,2012,2015,4,September,December,Malurus_lamberti,Malurus_lamberti,Malurus_lamberti,Malurus_lamberti,cooperative_breeder,cooperation,monogamy,yes,7.725,4,ground,microsatellite,no,4,0,Weak,Mono,NA,66,54,132,200
645Celis2012,Sturnus_unicolor,spotless_starling,1225,7,341,19.4,40.75,-3.7833,yes,microsatellite,O,2004,2006,3,March,July,Sturnus_unicolor,Sturnus_unicolor,Sturnus_unicolor,Sturnus_unicolor,monogamy,biparental,mixed,NA,88.575,5,open,microsatellite,yes,3,1,Weak,Mono,Poly,66,275,86,1139
646Biagolini2025,Volatinia_jacarina,blue-black_grassquit,NA,NA,107,21.5,-15.75,-47.8667,no,microsatellite,CP,2015,2019,5,December,March,Volatinia_jacarina,Volatinia_jacarina,Volatinia_jacarina,Volatinia_jacarina,monogamy,biparental,mixed,no,10,4,open,microsatellite,no,5,0,Weak,Mono,Poly,23,84,NA,NA
647Segami2021,Ficedula_albicollis,collared_flycatcher,812,NA,154,NA,57.1667,16.9667,yes,microsatellite,CP,2002,2016,15,May,July,Ficedula_albicollis,Ficedula_albicollis,Ficedula_albicollis,Ficedula_albicollis,monogamy,biparental,mixed,no,12.23333333,9,open,microsatellite,yes,15,0,Strong,Mono,Poly,NA,NA,NA,NA
648Roeder2019,Tyrannus_forficatus,scissor-tailed_flycatcher,550,59,140,73,34.74,-98.67,no,microsatellite,CP,2008,2014,7,April,August,Tyrannus_forficatus,Tyrannus_forficatus,Tyrannus_forficatus,Tyrannus_forficatus,monogamy,biparental,monogamy,NA,41.7,6,open,microsatellite,no,7,0,Strong,Mono,NA,102,38,324,226
652Sætre2018,Luscinia_svecica,bluethroat,315,10.48,61,25,61.4167,8.8667,no,microsatellite,CP,2013,2015,3,May,August,Luscinia_svecica,Luscinia_svecica,Luscinia_svecica,Luscinia_svecica,monogamy,biparental,mixed,NA,18.01666667,7,open,microsatellite,no,3,0,Strong,Mono,Poly,15,46,33,282
654Ferretti2019,Tachycineta_leucorrhoa,white-rumped_swallows,51,35,13,61,NA,NA,yes,microsatellite,CV,2003,2004,2,NA,NA,Tachycineta_leucorrhoa,Tachycineta_leucorrhoa,Tachycineta_leucorrhoa,Tachycineta_leucorrhoa,monogamy,biparental,NA,NA,17.6,7,cavity,microsatellite,yes,2,0,Strong,NA,NA,8,5,18,33
654Ferretti2019,Tachycineta_albilinea,mangrove_swallows,95,7,22,18,NA,NA,yes,microsatellite,"CV,O",2003,2003,1,NA,NA,Tachycineta_albilinea,Tachycineta_albilinea,Tachycineta_albilinea,Tachycineta_albilinea,monogamy,biparental,monogamy,NA,14.26666667,5,cavity,microsatellite,yes,1,0,Weak,Mono,NA,4,18,7,88
654Ferretti2019,Tachycineta_thalassina,violet-green_swallows,78,56,27,67,NA,NA,yes,microsatellite,"CV,O",2008,2009,2,NA,NA,Tachycineta_thalassina,Tachycineta_thalassina,Tachycineta_thalassina,Tachycineta_thalassina,monogamy,biparental,NA,NA,14.325,7,cavity,microsatellite,yes,2,0,Strong,NA,NA,18,9,44,34
655Arct2024,Cyanistes_caeruleus,blue_tit,NA,7,310,30,57.05,18.2833,yes,microsatellite,"CV,O",2008,2016,9,April,June,Parus_caeruleus,Parus_caeruleus,Cyanistes_caeruleus,Cyanistes_caeruleus,monogamy,biparental,mixed,no,11.38333333,13,cavity,microsatellite,yes,9,0,Weak,Mono,Poly,93,217,NA,NA
670Walsh2018,Ammodramus_nelsoni,Nelson's_sparrow,NA,NA,8,100,43,-70,no,microsatellite,"CP,DM",2011,2013,3,May,August,Ammodramus_nelsoni,Ammodramus_nelsoni,Ammospiza_nelsoni,Ammospiza_nelsoni,polyandry,NA,NA,NA,14.475,6,ground,microsatellite,no,3,0,Strong,NA,NA,8,0,NA,NA
670Walsh2018,Ammodramus_caudacutus,saltmarsh_sparrow,NA,NA,112,88,43,-70,no,microsatellite,CP,2011,2013,3,May,August,Ammodramus_caudacutus,Ammodramus_caudacutus,Ammospiza_caudacuta,Ammospiza_caudacuta,no_social_bond,biparental,NA,NA,19.325,5,open,microsatellite,no,3,0,Strong,NA,NA,99,13,NA,NA
672Grinkov2022,Ficedula_hypoleuca,European_pied_flycatcher,1485,NA,250,21.2,56.35,84.9333,yes,microsatellite,CP,2005,2005,1,April,June,Ficedula_hypoleuca,Ficedula_hypoleuca,Ficedula_hypoleuca,Ficedula_hypoleuca,monogamy,biparental,mixed,no,14.21666667,10,open,microsatellite,yes,1,0,Strong,Mono,Poly,53,197,NA,NA
673Stermin2026,Rallus_aquaticus,water_rail,NA,NA,6,16.7,46.91,23.91,no,microsatellite,CP,2012,2012,1,May,May,Rallus_aquaticus,Rallus_aquaticus,Rallus_aquaticus,Rallus_aquaticus,monogamy,biparental,monogamy,NA,122.5,11,open,microsatellite,no,1,0,Weak,Mono,NA,1,5,NA,NA
674Mino2017,Bubulcus_ibis,cattle_egret,89,35.9,31,61.3,-22.5,-47.5833,no,microsatellite,PL,2011,2011,1,October,December,Bubulcus_ibis,Bubulcus_ibis,Ardea_ibis,Ardea_ibis,monogamy,biparental,monogamy,NA,385.6833333,9,open,microsatellite,no,1,1,Weak,Mono,NA,19,12,32,57
675Dawson2025,Myiopsitta_monachus,monk_parakeet,91,17.6,27,27,41.39,2.17,no,microsatellite,DM,2017,2018,2,April,July,Myiopsitta_monachus,Myiopsitta_monachus,Myiopsitta_monachus,Myiopsitta_monachus,monogamy,pair,monogamy,no,114.3333333,7,ground,microsatellite,no,2,1,Weak,Mono,NA,7,20,16,75
676Germain2021,Setophaga_caerulescens,black-throated_blue_warbler,4097,NA,NA,NA,43.9333,-71.75,no,microsatellite,CP,1999,2015,17,May,August,Dendroica_caerulescens,Dendroica_caerulescens,Setophaga_caerulescens,Setophaga_caerulescens,monogamy,biparental,mixed,NA,10.25,5,open,microsatellite,no,17,0,Strong,Mono,Poly,NA,NA,NA,NA
677Lifjeld2022,Hirundo_rustica,barn_swallow,665,NA,NA,NA,44,-76,no,microsatellite,CP,2003,2006,4,May,August,Hirundo_rustica,Hirundo_rustica,Hirundo_rustica,Hirundo_rustica,monogamy,biparental,monogamy,no,19.35,7,open,microsatellite,no,4,1,Strong,Mono,NA,NA,NA,NA,NA
678Beck2020,Cyanistes_caeruleus,blue_tit,NA,NA,124,41,48.1333,10.8833,yes,microsatellite,"CV,O",2018,2018,1,March,June,Parus_caeruleus,Parus_caeruleus,Cyanistes_caeruleus,Cyanistes_caeruleus,monogamy,biparental,mixed,no,11.38333333,13,cavity,microsatellite,yes,1,0,Weak,Mono,Poly,51,73,NA,NA
679Kaiser2019,Yuhina_everetti,chestnut-crested_yuhina,NA,NA,76,18,6,116,no,microsatellite,CP,2009,2015,7,February,June,Yuhina_everetti,Yuhina_everetti,Staphida_everetti,Staphida_everetti,cooperative_breeder,cooperation,NA,yes,12.1,6,open,microsatellite,no,7,0,Weak,NA,NA,14,62,NA,NA
500Desrosiers2021,Aphelocoma_insularis,scrub-jay,156,8,52,15,34.0233,-119.766,no,microsatellite,CP,2009,2012,4,February,June,Aphelocoma_insularis,Aphelocoma_insularis,Aphelocoma_insularis,Aphelocoma_insularis,monogamy,biparental,monogamy,NA,115.75,5,open,microsatellite,no,4,0,Weak,Mono,NA,8,44,12,144
507Roeder2022,Tyrannus_forficatus,scissor-tailed_flycatcher,550,59,140,73,34.75,-98.5833,no,microsatellite,CP,2009,2014,6,April,August,Tyrannus_forficatus,Tyrannus_forficatus,Tyrannus_forficatus,Tyrannus_forficatus,monogamy,biparental,monogamy,NA,41.7,6,open,microsatellite,no,6,0,Strong,Mono,NA,102,38,324,226
513Kaiser2018,Stachyris_nigriceps,gray-throated_babbler,73,25,29,34,6,116,no,microsatellite,"CP,DM",2010,2015,6,February,June,Stachyris_nigriceps,Stachyris_nigriceps,Stachyris_nigriceps,Stachyris_nigriceps,cooperative_breeder,nk_cooperation,NA,yes,15,5,ground,microsatellite,no,6,0,Weak,NA,NA,10,19,18,55
523Gao2020,Cyanopica_cyanus,azure-winged_magpie,NA,NA,NA,NA,34.6,102.5,no,microsatellite,CP,2012,2018,7,NA,NA,Cyanopica_cyanus,Cyanopica_cyanus,Cyanopica_cyanus,Cyanopica_cyanus,monogamy,cooperation,monogamy,NA,96.5,7,open,microsatellite,no,7,1,Weak,Mono,NA,NA,NA,NA,NA
587Badás2020,Cyanistes_caeruleus,blue_tit,552,19,78,55,40.9,-4.0167,yes,microsatellite,"CV,O",2013,2013,1,April,June,Parus_caeruleus,Parus_caeruleus,Cyanistes_caeruleus,Cyanistes_caeruleus,monogamy,biparental,mixed,no,11.38333333,13,cavity,microsatellite,yes,1,0,Weak,Mono,Poly,43,35,105,447
666Danner2018,Ammodramus_savannarum,grasshopper_sparrows,448,36.8,124,62.1,39.2311,-75.9819,no,microsatellite,DM,2005,2009,5,April,August,Ammodramus_savannarum,Ammodramus_savannarum,Ammodramus_savannarum,Ammodramus_savannarum,monogamy,nk_cooperation,NA,yes,18.56666667,6,ground,microsatellite,no,5,0,Weak,NA,NA,77,47,165,283
586Green2018,Aegithalos_caudatus,long-tailed_tit,1957,11,254,3,52.3833,-1.5667,no,microsatellite,DM,1994,2015,22,April,May,Aegithalos_caudatus,Aegithalos_caudatus,Aegithalos_caudatus,Aegithalos_caudatus,cooperative_breeder,cooperation,monogamy,yes,8.3,15,ground,microsatellite,no,22,0,Weak,Mono,NA,8,246,215,1742
88Mayer2013,Emberiza_schoeniclus,reed_bunting,669,37.1,181,56.4,47,8,no,microsatellite,CP,2002,2005,4,March,August,Emberiza_schoeniclus,Emberiza_schoeniclus,Emberiza_schoeniclus,Emberiza_schoeniclus,monogamy,biparental,mixed,no,18.63333333,5,open,microsatellite,no,4,0,Weak,Mono,Poly,102,79,248,421
168Bj›rnstad1997,Phylloscopus_trochilus,willow_warbler,109,33,15,33,61.42,8.87,no,DNA_fingerprinting,SP,1993,1993,1,May,July,Phylloscopus_trochilus,Phylloscopus_trochilus,Phylloscopus_trochilus,Phylloscopus_trochilus,monogamy,biparental,mixed,NA,9.533333333,8,other_enclosed,DNA_fingerprinting,no,1,0,Strong,Mono,Poly,5,10,36,73
484Liu2023,Turdus_rubrocanus,chestnut_thrush,208,34.6,77,53.3,34.6853,103.5233,no,microsatellite,CP,2019,2021,3,May,July,Turdus_rubrocanus,Turdus_rubrocanus,Turdus_rubrocanus,Turdus_rubrocanus,monogamy,biparental,NA,NA,92.325,4,open,microsatellite,no,3,0,Weak,NA,NA,41,36,72,136
547DiLecce2024,Cyanistes_caeruleus,blue_tit,1015,15,155,47,52.2297,21.0122,yes,SNPs,"CV,O",2017,2019,3,April,May,Parus_caeruleus,Parus_caeruleus,Cyanistes_caeruleus,Cyanistes_caeruleus,monogamy,biparental,mixed,no,11.38333333,13,cavity,SNPs,yes,3,0,Weak,Mono,Poly,73,82,152,863
547DiLecce2024,Parus_major,great_tit,903,10,149,31,52.2297,21.0122,yes,SNPs,CV,2017,2019,3,April,May,Parus_major,Parus_major,Parus_major,Parus_major,monogamy,biparental,monogamy,no,18.36666667,18,cavity,SNPs,yes,3,0,Weak,Mono,NA,46,103,90,813
